annotation_id,review_uid,destination,language_review,text_clean,aspecto_alvaro,label_alvaro,aspecto_moises,label_moises,aspecto_erick,label_erick,aspecto,estado_acuerdo_aspecto,label,estado_acuerdo_label,estado_final
gm_13f093b5a3cdc75f__costos,gm_13f093b5a3cdc75f,Centro Histórico de Lima,es,Lugar històrico del país el cual viendolo desde el punto de vista estético considero que la alcaldía ha sabido mantenerlo bien de cara al turismo que genera tanto del exterior como del interior del país. Sugiero que marca Perú deberìa de asomarse para hacer mucha más propaganda de cara a los muchos turistas extranjeros que llegan a dicho punto. No sé. Es mi humilde opinión.☝🏻,costos,negativo,costos,neutro,costos,positivo,costos,acuerdo_total_3_de_3,,desacuerdo_total_3_diferentes,excluir_desacuerdo_total_label
gm_0ae8d8791d567b30__clima,gm_0ae8d8791d567b30,Santuario Histórico de Machu Picchu,en,"Amazing ruins of the ancient holy city of Incas. The place doesn't need any explanation, it's among 7 world wonders and very well known. However I believe the local authorities did exploited this place too much without caring too much about the experience of the visit. Although the daily capacity of visitors is capped this place looks way to busy and filled with people who are just there to make selfies. My suggestion is to reach it via Inca trail, even just the last piece of the trekking, so that you can see it from the top of Porta del Sol. Lastly the entry costs have crazly skyrocket in last 10 years with little if no sense.",clima,neutro,clima,negativo,clima,positivo,clima,acuerdo_total_3_de_3,,desacuerdo_total_3_diferentes,excluir_desacuerdo_total_label
gm_0e77a2d5279d64cd__atractivos,gm_0e77a2d5279d64cd,Reserva Nacional de Paracas,es,La playa es muy bonita pero es solo eso y suele estar repleta y muy pequeña,atractivos,positivo,atractivos,neutro,atractivos,negativo,atractivos,acuerdo_total_3_de_3,,desacuerdo_total_3_diferentes,excluir_desacuerdo_total_label
gm_33d3c63803e600bf__costos,gm_33d3c63803e600bf,Monasterio de Santa Catalina,en,Awesome place and very pretty. Felt it is overpriced though considering only takes an hour or two to wander round…,costos,negativo,costos,neutro,costos,positivo,costos,acuerdo_total_3_de_3,,desacuerdo_total_3_diferentes,excluir_desacuerdo_total_label
gm_3cfbae42d6204e38__atractivos,gm_3cfbae42d6204e38,Museo de Sitio Huaca Pucllana,es,"El tour es bonito en cuanto el conocer la historia, sin embargo, tienen unos animalitos enjaulados en un área pequeña y sin una sola gota de agua, hay patos en sequía, alpacas, llama, un cuyo creo, todos en malas condiciones, con los recipientes de agua secos por no haber tenido agua quien sabe en cuanto tiempo, me parte el corazón esa crueldad y el único propósito de tenerlos es para mostrarlos a los turistas. Porfavor, nada cuesta mantenerles agua el 100% del tiempo.",atractivos,positivo,atractivos,neutro,atractivos,negativo,atractivos,acuerdo_total_3_de_3,,desacuerdo_total_3_diferentes,excluir_desacuerdo_total_label
gm_3cfbae42d6204e38__atencion_servicio,gm_3cfbae42d6204e38,Museo de Sitio Huaca Pucllana,es,"El tour es bonito en cuanto el conocer la historia, sin embargo, tienen unos animalitos enjaulados en un área pequeña y sin una sola gota de agua, hay patos en sequía, alpacas, llama, un cuyo creo, todos en malas condiciones, con los recipientes de agua secos por no haber tenido agua quien sabe en cuanto tiempo, me parte el corazón esa crueldad y el único propósito de tenerlos es para mostrarlos a los turistas. Porfavor, nada cuesta mantenerles agua el 100% del tiempo.",atencion_servicio,positivo,atencion_servicio,neutro,atencion_servicio,negativo,atencion_servicio,acuerdo_total_3_de_3,,desacuerdo_total_3_diferentes,excluir_desacuerdo_total_label
gm_26c375244b2d4b63__atractivos,gm_26c375244b2d4b63,Circuito Mágico del Agua,es,"No hay dónde rayos sentarse frente a las fuentes, hay juegos donde no hacen bien sus cálculos y no dejan subir a las personas. Terriblemente lleno incluso en día de semana. Los costos de los juegos ridículamente altos. Lo único bueno es el precio de la entrada aunque no lo vale la verdad.",atractivos,positivo,atractivos,neutro,atractivos,negativo,atractivos,acuerdo_total_3_de_3,,desacuerdo_total_3_diferentes,excluir_desacuerdo_total_label
gm_26c375244b2d4b63__accesibilidad,gm_26c375244b2d4b63,Circuito Mágico del Agua,es,"No hay dónde rayos sentarse frente a las fuentes, hay juegos donde no hacen bien sus cálculos y no dejan subir a las personas. Terriblemente lleno incluso en día de semana. Los costos de los juegos ridículamente altos. Lo único bueno es el precio de la entrada aunque no lo vale la verdad.",accesibilidad,positivo,accesibilidad,neutro,accesibilidad,negativo,accesibilidad,acuerdo_total_3_de_3,,desacuerdo_total_3_diferentes,excluir_desacuerdo_total_label
gm_07fd6a880f0769af__clima,gm_07fd6a880f0769af,Santuario Histórico de Machu Picchu,en,Machu Picchu had been on my bucketlist for 3years finally got the chance to visit October 2021. All I can say is that the pictures dont do justice the place absolutely beautiful. So much history learn about. The weather was great no fog/rain. If it's on your list definitely go see it. Worth it!!,clima,negativo,clima,neutro,clima,positivo,clima,acuerdo_total_3_de_3,,desacuerdo_total_3_diferentes,excluir_desacuerdo_total_label
gm_0677f1dc52605d09__atencion_servicio,gm_0677f1dc52605d09,Museo de Sitio Huaca Pucllana,en,"I visited the archaeological site today, and although the tour was interesting, I was shocked by the living standards of the animals on the site, present to illustrate the resources of the ancient people. There were ducks with no access to fresh water, which is part of their essential living environment - instead they had a stagnant, filthy puddle and were surrounded by their own waste. The guinea pigs were also living in tiny pens, covered in their own waste. I would ask the site management to please rethink the provisions they are giving to these animals - perhaps even charging a slightly higher ticket price to allow for a better environment. The current living standards are really not appropriate, and lets down an otherwise good value tour.",atencion_servicio,positivo,atencion_servicio,neutro,atencion_servicio,negativo,atencion_servicio,acuerdo_total_3_de_3,,desacuerdo_total_3_diferentes,excluir_desacuerdo_total_label
gm_1b3ddde313d2158e__atencion_servicio,gm_1b3ddde313d2158e,Santuario Histórico de Machu Picchu,en,"Plan Ahead: Machu Picchu Tickets Sell Out Early Machu Picchu is incredible, but be warned: if you don’t buy your ticket online 4–5 months in advance (especially for high season like August), you might not get in. Tickets sell out quickly, and it’s poorly managed many travelers arrive only to find there are no spots for 2–3 days. Staying in Aguas Calientes just to wait isn’t worth it. Tourist authorities should improve the system and communication. Plan ahead to avoid disappointment.",atencion_servicio,neutro,atencion_servicio,negativo,atencion_servicio,positivo,atencion_servicio,acuerdo_total_3_de_3,,desacuerdo_total_3_diferentes,excluir_desacuerdo_total_label
gm_1b3ddde313d2158e__clima,gm_1b3ddde313d2158e,Santuario Histórico de Machu Picchu,en,"Plan Ahead: Machu Picchu Tickets Sell Out Early Machu Picchu is incredible, but be warned: if you don’t buy your ticket online 4–5 months in advance (especially for high season like August), you might not get in. Tickets sell out quickly, and it’s poorly managed many travelers arrive only to find there are no spots for 2–3 days. Staying in Aguas Calientes just to wait isn’t worth it. Tourist authorities should improve the system and communication. Plan ahead to avoid disappointment.",clima,neutro,clima,negativo,clima,positivo,clima,acuerdo_total_3_de_3,,desacuerdo_total_3_diferentes,excluir_desacuerdo_total_label
gm_31deb2db1f7f60b7__atractivos,gm_31deb2db1f7f60b7,Reserva Nacional de Paracas,es,"Una playa cristalina para compartir en familia, solo deben tomar en cuenta estos consejos: 1. No ir los fines de semana porque va mucha gente y no conseguiras espacio para acomodarte, ademas que el agua se vuelve reboltosa. 2. No llevar mascotas 3. No llevae bebidas alcoholicas ni frutas 4. No llevar envases de plasticos 5. No llevar cornetas de musica 6. No tienen duchas Es un lugar ideal para disfrutar entre semana",atractivos,positivo,atractivos,neutro,atractivos,negativo,atractivos,acuerdo_total_3_de_3,,desacuerdo_total_3_diferentes,excluir_desacuerdo_total_label
gm_31deb2db1f7f60b7__limpieza,gm_31deb2db1f7f60b7,Reserva Nacional de Paracas,es,"Una playa cristalina para compartir en familia, solo deben tomar en cuenta estos consejos: 1. No ir los fines de semana porque va mucha gente y no conseguiras espacio para acomodarte, ademas que el agua se vuelve reboltosa. 2. No llevar mascotas 3. No llevae bebidas alcoholicas ni frutas 4. No llevar envases de plasticos 5. No llevar cornetas de musica 6. No tienen duchas Es un lugar ideal para disfrutar entre semana",limpieza,positivo,limpieza,neutro,limpieza,negativo,limpieza,acuerdo_total_3_de_3,,desacuerdo_total_3_diferentes,excluir_desacuerdo_total_label
gm_0715dd32fe61711e__costos,gm_0715dd32fe61711e,Centro Histórico de Lima,en,Boring historical army plaza — honestly not worth the visit. You can skip this one without any FOMO.,costos,positivo,costos,neutro,costos,negativo,costos,acuerdo_total_3_de_3,,desacuerdo_total_3_diferentes,excluir_desacuerdo_total_label
gm_357cb4ec2391546e__atractivos,gm_357cb4ec2391546e,Monasterio de Santa Catalina,es,"La entrada es demasiado costosa, nose porque cuando son cosas de la iglesia las entradas son mas caras que cualquier otra cosa, es bonito si, pero solo es un convento lleno de cuartos, con uno que otro jardín, el guia cobra aparte y te lleva corriendo, y es grande el monasterio, asi que sale bien caro visitar este monasterio.",atractivos,positivo,atractivos,neutro,atractivos,negativo,atractivos,acuerdo_total_3_de_3,,desacuerdo_total_3_diferentes,excluir_desacuerdo_total_label
gm_357cb4ec2391546e__atencion_servicio,gm_357cb4ec2391546e,Monasterio de Santa Catalina,es,"La entrada es demasiado costosa, nose porque cuando son cosas de la iglesia las entradas son mas caras que cualquier otra cosa, es bonito si, pero solo es un convento lleno de cuartos, con uno que otro jardín, el guia cobra aparte y te lleva corriendo, y es grande el monasterio, asi que sale bien caro visitar este monasterio.",atencion_servicio,positivo,atencion_servicio,neutro,atencion_servicio,negativo,atencion_servicio,acuerdo_total_3_de_3,,desacuerdo_total_3_diferentes,excluir_desacuerdo_total_label
gm_177c725e6b9d2aed__aforo_multitudes,gm_177c725e6b9d2aed,Museo Tumbas Reales del Señor de Sipán,es,"Es un hermoso lugar, lleno de cultura, con modernas instalaciones, si te gusta aprender y conocer un poco más sobre historia del antiguo Perú y en especial de la región lambayeque, no puedes dejar de visitarlo.",aforo_multitudes,negativo,aforo_multitudes,neutro,aforo_multitudes,positivo,aforo_multitudes,acuerdo_total_3_de_3,,desacuerdo_total_3_diferentes,excluir_desacuerdo_total_label
gm_07640ddbea11ea64__atractivos,gm_07640ddbea11ea64,Reserva Nacional de Paracas,es,"La playa es hermosa pero hay DEMASIADA Gente!!! Aún pre oandemiay hubiera tenido algún reparo , pero ya en pandemia NO WAY, nos fuimos😢",atractivos,positivo,atractivos,neutro,atractivos,negativo,atractivos,acuerdo_total_3_de_3,,desacuerdo_total_3_diferentes,excluir_desacuerdo_total_label
gm_460ad346851cd89e__atractivos,gm_460ad346851cd89e,Santuario Histórico de Machu Picchu,en,"1) YOU CANNOT WALK BACK, OR REPEAT ANY PART OF YOUR CIRCUIT. There are staff watching and they will blow their whistle and shout at you if you try. We arrived in a downpour so we walked to some shelter and waited it out. When we tried to walk back on the circuit we had paid for, we were not allowed. It doesn't matter that it's not busy, you want to take photos or any other reason, they will not let you walk back, even 20m. Unfortunately this was not clear when we purchased the ticket so we missed a significant portion of our route :( Therefore I'd advise you to walk slowly and enjoy the views, because once you arrive at the exit, that will be the end of your time at macchu pichu. I feel the staff lack compassion since it was 7am and quiet at macchu pichu, and I didn't want it to rain. If they had a cafe inside at the beginning I'd have waited there, but you have to enter at your time slot so I was left in a downpour in my poncho. I'd paid for flights, accomodation, and so many buses and trains to be there. The staff didn't show any compassion for my situation and were curt. <- therefore one star, but then I added one star for the staff that let me go take pictures of the llamas :) 2) TOILETS WILL COST YOU EXTRA ON TOP OF THE ENTRANCE FEE, AND BAGGAGE STORAGE. Which I also find ridiculous considering the entrance ticket is so expensive. Toilet S/2 and baggage is S/5. 3) YOU CANNOT ENTER BEFORE THE ENTRANCE TIME ON YOUR TICKET Something to do with the system they use. 4) DO NOT FLY A DRONE The staff have a walkie talkie system and respond very quickly. I don't know what the consequences are, but the people we saw were taken to the office. 5) DO NOT BOOK EARLY MORNING TIME SLOT IF YOU ARE VISITING IN WET/ SHOULDER SEASONS The clouds tend to hang low in the sky in the morning so you might not have the best view/ you might have to wait for clouds to clear. 6) YOU CAN BUY THE BUS TICKET FOR THE BUS UPWARDS ONLINE, BEFOREHAND (12 USD per ride) Just look for the one bus company that runs the route. I can't remember off the top of my head. You can also purchase them at the bottom and at the top, the process is quick and easy. Hope this helps :) I did route 1&2 and was happy with all the areas it covered.",atractivos,positivo,atractivos,neutro,atractivos,negativo,atractivos,acuerdo_total_3_de_3,,desacuerdo_total_3_diferentes,excluir_desacuerdo_total_label
gm_024cdbbb48567beb__atractivos,gm_024cdbbb48567beb,Centro Histórico de Lima,es,"Hay mucha aglomeración y personal de la municipalidad que realmente está demás, no saben orientar, tan igual personal de la policía que también está demás, en conclusión Falta personal que oriente y sepa de la cultura y sus costumbres, y recomendar, guiar, ilustración y hacer de la plaza un lugar, de agradable visita para todos, como peruanos y extranjeros. Recomiendo hacer aportación para tal fin. Pero la pregunta es a quien, porque el personal de la municipalidad, no razona",atractivos,positivo,atractivos,neutro,atractivos,negativo,atractivos,acuerdo_total_3_de_3,,desacuerdo_total_3_diferentes,excluir_desacuerdo_total_label
gm_024cdbbb48567beb__costos,gm_024cdbbb48567beb,Centro Histórico de Lima,es,"Hay mucha aglomeración y personal de la municipalidad que realmente está demás, no saben orientar, tan igual personal de la policía que también está demás, en conclusión Falta personal que oriente y sepa de la cultura y sus costumbres, y recomendar, guiar, ilustración y hacer de la plaza un lugar, de agradable visita para todos, como peruanos y extranjeros. Recomiendo hacer aportación para tal fin. Pero la pregunta es a quien, porque el personal de la municipalidad, no razona",costos,positivo,costos,neutro,costos,negativo,costos,acuerdo_total_3_de_3,,desacuerdo_total_3_diferentes,excluir_desacuerdo_total_label
gm_024cdbbb48567beb__seguridad,gm_024cdbbb48567beb,Centro Histórico de Lima,es,"Hay mucha aglomeración y personal de la municipalidad que realmente está demás, no saben orientar, tan igual personal de la policía que también está demás, en conclusión Falta personal que oriente y sepa de la cultura y sus costumbres, y recomendar, guiar, ilustración y hacer de la plaza un lugar, de agradable visita para todos, como peruanos y extranjeros. Recomiendo hacer aportación para tal fin. Pero la pregunta es a quien, porque el personal de la municipalidad, no razona",seguridad,positivo,seguridad,neutro,seguridad,negativo,seguridad,acuerdo_total_3_de_3,,desacuerdo_total_3_diferentes,excluir_desacuerdo_total_label
gm_024cdbbb48567beb__atencion_servicio,gm_024cdbbb48567beb,Centro Histórico de Lima,es,"Hay mucha aglomeración y personal de la municipalidad que realmente está demás, no saben orientar, tan igual personal de la policía que también está demás, en conclusión Falta personal que oriente y sepa de la cultura y sus costumbres, y recomendar, guiar, ilustración y hacer de la plaza un lugar, de agradable visita para todos, como peruanos y extranjeros. Recomiendo hacer aportación para tal fin. Pero la pregunta es a quien, porque el personal de la municipalidad, no razona",atencion_servicio,positivo,atencion_servicio,neutro,atencion_servicio,negativo,atencion_servicio,acuerdo_total_3_de_3,,desacuerdo_total_3_diferentes,excluir_desacuerdo_total_label
gm_024cdbbb48567beb__aforo_multitudes,gm_024cdbbb48567beb,Centro Histórico de Lima,es,"Hay mucha aglomeración y personal de la municipalidad que realmente está demás, no saben orientar, tan igual personal de la policía que también está demás, en conclusión Falta personal que oriente y sepa de la cultura y sus costumbres, y recomendar, guiar, ilustración y hacer de la plaza un lugar, de agradable visita para todos, como peruanos y extranjeros. Recomiendo hacer aportación para tal fin. Pero la pregunta es a quien, porque el personal de la municipalidad, no razona",aforo_multitudes,positivo,aforo_multitudes,neutro,aforo_multitudes,negativo,aforo_multitudes,acuerdo_total_3_de_3,,desacuerdo_total_3_diferentes,excluir_desacuerdo_total_label
gm_15f6455bcd1dacfb__seguridad,gm_15f6455bcd1dacfb,Reserva Nacional de Paracas,es,"Terrible y lamentable el estado actual en el que se encuentran las.playas.de.la reserva. Abarrotadas, sin control o seguridad, desorden a donde se mire.",seguridad,positivo,seguridad,neutro,seguridad,negativo,seguridad,acuerdo_total_3_de_3,,desacuerdo_total_3_diferentes,excluir_desacuerdo_total_label
gm_2e7730d7c6e3066e__atractivos,gm_2e7730d7c6e3066e,Santuario Histórico de Machu Picchu,es,SOLO TE PERMITEN 2:30 minutos de visita. NO SE PUEDE DISFRUTAR DE ESTA MARAVILLA. NO DA TIEMPO A VER TODO. MENOS MAL QUE EL DIA ANTERIOR HICE PARTE DEL CAMINO INCA ANDANDO.,atractivos,positivo,atractivos,neutro,atractivos,negativo,atractivos,acuerdo_total_3_de_3,,desacuerdo_total_3_diferentes,excluir_desacuerdo_total_label
gm_168ef5909d650882__atractivos,gm_168ef5909d650882,Líneas y Geoglifos de Nasca y Palpa,es,Muy interesante aprender algo más de la cultura peruana y recomiendo llevar gorras y bloqueadores porque hace el calor es x demasiado fuerte.,atractivos,negativo,atractivos,neutro,atractivos,positivo,atractivos,acuerdo_total_3_de_3,,desacuerdo_total_3_diferentes,excluir_desacuerdo_total_label
gm_168ef5909d650882__accesibilidad,gm_168ef5909d650882,Líneas y Geoglifos de Nasca y Palpa,es,Muy interesante aprender algo más de la cultura peruana y recomiendo llevar gorras y bloqueadores porque hace el calor es x demasiado fuerte.,accesibilidad,negativo,accesibilidad,neutro,accesibilidad,positivo,accesibilidad,acuerdo_total_3_de_3,,desacuerdo_total_3_diferentes,excluir_desacuerdo_total_label
gm_168ef5909d650882__clima,gm_168ef5909d650882,Líneas y Geoglifos de Nasca y Palpa,es,Muy interesante aprender algo más de la cultura peruana y recomiendo llevar gorras y bloqueadores porque hace el calor es x demasiado fuerte.,clima,negativo,clima,neutro,clima,positivo,clima,acuerdo_total_3_de_3,,desacuerdo_total_3_diferentes,excluir_desacuerdo_total_label
gm_21bb3a078a9508fa__atractivos,gm_21bb3a078a9508fa,Museo de Sitio Huaca Pucllana,en,"If you’ve been to any other Incan Ruins or done Machu Picchu this is not worth a visit. It’s one hour guided tour (no self touring allowed), walks through ruins within the city. Recommend other Inca sites, however it’s a reasonable way to burn an hour or so. Entry approx 15 soles",atractivos,positivo,atractivos,neutro,atractivos,negativo,atractivos,acuerdo_total_3_de_3,,desacuerdo_total_3_diferentes,excluir_desacuerdo_total_label
gm_21bb3a078a9508fa__costos,gm_21bb3a078a9508fa,Museo de Sitio Huaca Pucllana,en,"If you’ve been to any other Incan Ruins or done Machu Picchu this is not worth a visit. It’s one hour guided tour (no self touring allowed), walks through ruins within the city. Recommend other Inca sites, however it’s a reasonable way to burn an hour or so. Entry approx 15 soles",costos,positivo,costos,neutro,costos,negativo,costos,acuerdo_total_3_de_3,,desacuerdo_total_3_diferentes,excluir_desacuerdo_total_label
gm_1e7ed1a2ede0378e__clima,gm_1e7ed1a2ede0378e,Líneas y Geoglifos de Nasca y Palpa,en,"Nazca Lines is a great art work on the very large Canvas of Earth, carved out by excavating the soil of the Nazca Desert in southern Peru.They were created between 500 BC and 500 AD. No modern technology no modern Canvas at that time. These large geoglyphs are indeed wonderful world of art . Mirror to advancement of human creativity. Most lines run straight across the landscape. There are also depiction of animals and plants, made up of lines. The combined length of all the lines is over 1,300 km. It is preserved till today naturally due to its isolation and the dry, windless, stable climate of the plateau. But anthropogenic interference may obliterate it's beauty in coming years. In 1994 this has been declared a UNESCO World Heritage Site. Great salute to the artists selecting the Nature's Canvas which stood the test of time for the last 2500 years. Good luck.",clima,negativo,clima,neutro,clima,positivo,clima,acuerdo_total_3_de_3,,desacuerdo_total_3_diferentes,excluir_desacuerdo_total_label
gm_457eacb3f1e5aae4__accesibilidad,gm_457eacb3f1e5aae4,Ciudadela de Kuélap,en,"I paid 100 PEN with an agency to get here which included transportation, meal, and entry. I think you need to buy entry tickets in advance. There were a couple small areas on each end that were closed, but you can still see everything. Pictures are less picturesque because there is a tin roof over the entryway walls. I consider it “open” and wouldn’t be deterred by the reviews saying it’s closed or partially closed. I think the biggest difference between Machu Pichu and here is that Machu Pichu is in a saddle so you can climb a mountain for those famous pictures. Kuelap is the top of the mountain so you can’t photograph the whole city. My tour was in Spanish, so I didn’t understand everything, but the views and experience were good. The walls are meant to hold in the dirt. The Chachapoya essentially created some level space to build on and it’s not considered a fort it’s a religious site. Lastly, the gondola (cabinas) station is marked permanently closed, but it’s actually open and located where it’s supposed to be on the map. You board a bus there and they take you further up the mountain to get onto the gondola.",accesibilidad,negativo,accesibilidad,neutro,accesibilidad,positivo,accesibilidad,acuerdo_total_3_de_3,,desacuerdo_total_3_diferentes,excluir_desacuerdo_total_label
gm_457eacb3f1e5aae4__limpieza,gm_457eacb3f1e5aae4,Ciudadela de Kuélap,en,"I paid 100 PEN with an agency to get here which included transportation, meal, and entry. I think you need to buy entry tickets in advance. There were a couple small areas on each end that were closed, but you can still see everything. Pictures are less picturesque because there is a tin roof over the entryway walls. I consider it “open” and wouldn’t be deterred by the reviews saying it’s closed or partially closed. I think the biggest difference between Machu Pichu and here is that Machu Pichu is in a saddle so you can climb a mountain for those famous pictures. Kuelap is the top of the mountain so you can’t photograph the whole city. My tour was in Spanish, so I didn’t understand everything, but the views and experience were good. The walls are meant to hold in the dirt. The Chachapoya essentially created some level space to build on and it’s not considered a fort it’s a religious site. Lastly, the gondola (cabinas) station is marked permanently closed, but it’s actually open and located where it’s supposed to be on the map. You board a bus there and they take you further up the mountain to get onto the gondola.",limpieza,negativo,limpieza,neutro,limpieza,positivo,limpieza,acuerdo_total_3_de_3,,desacuerdo_total_3_diferentes,excluir_desacuerdo_total_label
gm_22ec23e9d5a6f583__atractivos,gm_22ec23e9d5a6f583,Monasterio de Santa Catalina,es,"Pongo esta nota al tour, no al monasterio, que considero visita obligada en Arequipa y muy interesante, pero en el tour apenas se da más información que lo que era cada estancia. Ya que se paga una guía, se echa de menos más información y que no se ciña a un guion. Espero que mi reseña pueda ser constructiva y revisen su forma de hacer porque el sitio bien lo merece. Y también que no sea discriminatorio el precio, que a día de hoy es más caro para exrranjeros que para peruanos.",atractivos,positivo,atractivos,neutro,atractivos,negativo,atractivos,acuerdo_total_3_de_3,,desacuerdo_total_3_diferentes,excluir_desacuerdo_total_label
gm_2f8afc8881bdbbdf__aforo_multitudes,gm_2f8afc8881bdbbdf,Santuario Histórico de Machu Picchu,es,"Un lugar lleno de buenas energías. Recomendable comprar tus entradas con anticipación por la red, leer las restricciones para el ingreso, conocer que hay diferentes circuitos y que el clima es casi impredecible y te puede tocar un día lleno de neblina.",aforo_multitudes,negativo,aforo_multitudes,neutro,aforo_multitudes,positivo,aforo_multitudes,acuerdo_total_3_de_3,,desacuerdo_total_3_diferentes,excluir_desacuerdo_total_label
gm_45bf4581ebf3f9fe__atencion_servicio,gm_45bf4581ebf3f9fe,Monasterio de Santa Catalina,es,"Es un lugar para sacarse fotos. No tiene un buen trabajo museografico. Los textos del guión del convento son muy pobres, 4 líneas, cuando las hay. Sin guía debería uno poder aunque sea tener una idea de cómo era la vida cotidiana de las monjas, somera, saber que tenían servidumbre, cómo fue cambiando a lo largo del tiempo, un poco de historia social. Los objetos no son suficientes como para entenderlo todo. Creo que ese es su problema, descansan en la arquitectura que es preciosa y ya. La entrada es muy cara, 40 soles, no incluye visita guiada, para tener una debes pagar 20 soles más. La relación precio/servicio no es buena. Es una pena porque el lugar es hermoso, pero no te llevas nada de información, solo fotos bonitas.",atencion_servicio,positivo,atencion_servicio,neutro,atencion_servicio,negativo,atencion_servicio,acuerdo_total_3_de_3,,desacuerdo_total_3_diferentes,excluir_desacuerdo_total_label
gm_1f007a27f9043521__atractivos,gm_1f007a27f9043521,Ciudadela de Kuélap,en,"Extremely disappointed. Long journey only to get to the site and find you can’t enter, only view from a platform from below. This view is literally just of a wall. Appreciate they need fix part of the site but I wouldn’t not recommend making the journey here until it’s properly open.",atractivos,positivo,atractivos,neutro,atractivos,negativo,atractivos,acuerdo_total_3_de_3,,desacuerdo_total_3_diferentes,excluir_desacuerdo_total_label
gm_15f1140c77d82a42__atractivos,gm_15f1140c77d82a42,Santuario Histórico de Machu Picchu,es,"El sitio es increíble, le doy un 2 por la penosa organización que hay y el dinero que te dejas para poder verlo, un completo sin sentido. El primer punto negativo es tener que elegir que parte del lugar ver me parece un sinsentido, nosotros pagábamos por el tour 3A con Huaynapichu que no es especialmente económico y nos fuimos con la sensación de que nos faltaba por ver una gran parte. Además de que tienes el tiempo cobrado, en nuestro caso solo podíamos estar dentro 2h. Hay que añadir que antes de poder entrar hay que esperar una hora en el pueblo para que te suba el autobús, y después otros cuarenta minutos para entrar. Nuestra entrada era a las 7.00, terminamos entrando a las 7.30. El tour y la visita a la montaña fue bien, pero al salir estuvimos otra hora esperando hasta montar en el autobús de vuelta al pueblo. No me quiero imaginar estas esperas con frío o lluvia, pues estás completamente a la intemperie. Es algo que la autoridad competente tiene que pensar, no pueden tener a la gente en estas condiciones. En la vida habíamos visto algo así.",atractivos,positivo,atractivos,neutro,atractivos,negativo,atractivos,acuerdo_total_3_de_3,,desacuerdo_total_3_diferentes,excluir_desacuerdo_total_label
gm_15f1140c77d82a42__atencion_servicio,gm_15f1140c77d82a42,Santuario Histórico de Machu Picchu,es,"El sitio es increíble, le doy un 2 por la penosa organización que hay y el dinero que te dejas para poder verlo, un completo sin sentido. El primer punto negativo es tener que elegir que parte del lugar ver me parece un sinsentido, nosotros pagábamos por el tour 3A con Huaynapichu que no es especialmente económico y nos fuimos con la sensación de que nos faltaba por ver una gran parte. Además de que tienes el tiempo cobrado, en nuestro caso solo podíamos estar dentro 2h. Hay que añadir que antes de poder entrar hay que esperar una hora en el pueblo para que te suba el autobús, y después otros cuarenta minutos para entrar. Nuestra entrada era a las 7.00, terminamos entrando a las 7.30. El tour y la visita a la montaña fue bien, pero al salir estuvimos otra hora esperando hasta montar en el autobús de vuelta al pueblo. No me quiero imaginar estas esperas con frío o lluvia, pues estás completamente a la intemperie. Es algo que la autoridad competente tiene que pensar, no pueden tener a la gente en estas condiciones. En la vida habíamos visto algo así.",atencion_servicio,positivo,atencion_servicio,neutro,atencion_servicio,negativo,atencion_servicio,acuerdo_total_3_de_3,,desacuerdo_total_3_diferentes,excluir_desacuerdo_total_label
gm_26aae6042dcf1099__aforo_multitudes,gm_26aae6042dcf1099,Museo Tumbas Reales del Señor de Sipán,en,"The Royal Tombs of Sipán Museum near Chiclayo is a must-visit if you love history and archaeology. The pyramid-style architecture itself reflects the ancient Moche culture, and inside you walk through the story of the Lord of Sipán step by step, from excavation to the stunning treasures found in his tomb. The gold, silver, ceramics, and textiles give a deep insight into the artistry and beliefs of the Mochica civilization. The museum is very well maintained — clean, organized, and carefully curated with proper lighting and security that protect these priceless artifacts. The exhibits are presented with respect and detail, making it easy to appreciate the importance of this culture in Peru’s history. Some explanations are only in Spanish and weekends can be a bit crowded, but overall it is one of the best museums in Peru and highly recommended 😊😊😊",aforo_multitudes,negativo,aforo_multitudes,neutro,aforo_multitudes,positivo,aforo_multitudes,acuerdo_total_3_de_3,,desacuerdo_total_3_diferentes,excluir_desacuerdo_total_label
gm_306b788903e06f6f__aforo_multitudes,gm_306b788903e06f6f,Circuito Mágico del Agua,en,Great place in the center of Lima at a low price. Overall it was around $2-3 to enter. There is plenty to see there and if possible avoid weekends as it is when it gets crowded. Worth checking out to escape the hustle and bustle of the city.,aforo_multitudes,negativo,aforo_multitudes,neutro,aforo_multitudes,positivo,aforo_multitudes,acuerdo_total_3_de_3,,desacuerdo_total_3_diferentes,excluir_desacuerdo_total_label
gm_0136658052b6a10d__atractivos,gm_0136658052b6a10d,Museo Tumbas Reales del Señor de Sipán,en,Royal tombs of sipan museum is good one to enjoy with family and friends too...,atractivos,positivo,atractivos,neutro,atractivos,negativo,atractivos,acuerdo_total_3_de_3,,desacuerdo_total_3_diferentes,excluir_desacuerdo_total_label
gm_2687fee513118dbc__atractivos,gm_2687fee513118dbc,Museo de Sitio Huaca Pucllana,en,"Nice to watch, but I wouldn't have needed a tour. (but without a tour you can't get in) It lasts 1h, price was 15 soles, and you have to reserve for a tour in advance. In retrospect for me it would have been enough, to see the building from outside and read all the information on the internet. Our guide also didn't seem very motivated.",atractivos,positivo,atractivos,neutro,atractivos,negativo,atractivos,acuerdo_total_3_de_3,,desacuerdo_total_3_diferentes,excluir_desacuerdo_total_label
gm_01d0e6c2ef76c130__atractivos,gm_01d0e6c2ef76c130,Santuario Histórico de Machu Picchu,es,"Para ir al machu picchu tienes que comprar las entradas con 2 o 3 meses de antelacion. He ido con mi familia y no es lo que esperaba, tienes que pagar por todo, si vas a subir a las montañas tienes que ir preparado con mucha agua y ropa comoda. Además para entrar al machu picchu tienes que pagar por circuitos, antes no hacia falta ya que con el circuito 1 se podia ver todo, ahora tienes que pagar por ver cada cosa, por ejemplo: en el circuito 1 solo ves el machu picchu desde fuera y subir la montaña, nada más. Si subes las montañas es bajo tu responsabilidad y si te caes o te haces daño tienes que pagar mucho dinero para un medico (creo que mas de 100 dolares). Tampoco es que al subir la montaña haiga una recompensa tremenda, subi la montaña del circuito 1 y solo habian unas sillas y un letrero de cuanta altura tiene la montaña. Puedes sacar buenas fotos pero nada más, si no traes agua, mejor ni lo intentes, tienes tiempo limite hasta las 12:00 mediodia para subir y se tarda unas 4 horas a paso lento. Si vas a subir tambien recomiendo llevar repelentes para los mosquitos ya que hay muchos mosquitos. Si te gusta escalar este viaje es para ti, pero si eres un poco sedentario no vale la pena pagar tanto solo para subir una montaña y tomarte unas cuantas fotos, por cierto, si llueve olvidate de subir los cerros, es imposible y probablemente te rompas o te hagas daño o peor. No hay seguridad alguna. Sinceramente es bonito para pasar el dia pero tienes que comprar los demas circuitos (1,2,3,4) , porque si no, no puedes ver nada. Recalco otra vez, tienes que pagar por todo, TODO. Las fotos son preciosas pero no todo lo que brilla es oro. Se podria distribuir mejor y que todo no sea tan caro. Igualmente muy bonito Perú y hermoso el machu picchu aunque con lo que cobran se podria mejor muchisimo.",atractivos,positivo,atractivos,neutro,atractivos,negativo,atractivos,acuerdo_total_3_de_3,,desacuerdo_total_3_diferentes,excluir_desacuerdo_total_label
gm_01d0e6c2ef76c130__seguridad,gm_01d0e6c2ef76c130,Santuario Histórico de Machu Picchu,es,"Para ir al machu picchu tienes que comprar las entradas con 2 o 3 meses de antelacion. He ido con mi familia y no es lo que esperaba, tienes que pagar por todo, si vas a subir a las montañas tienes que ir preparado con mucha agua y ropa comoda. Además para entrar al machu picchu tienes que pagar por circuitos, antes no hacia falta ya que con el circuito 1 se podia ver todo, ahora tienes que pagar por ver cada cosa, por ejemplo: en el circuito 1 solo ves el machu picchu desde fuera y subir la montaña, nada más. Si subes las montañas es bajo tu responsabilidad y si te caes o te haces daño tienes que pagar mucho dinero para un medico (creo que mas de 100 dolares). Tampoco es que al subir la montaña haiga una recompensa tremenda, subi la montaña del circuito 1 y solo habian unas sillas y un letrero de cuanta altura tiene la montaña. Puedes sacar buenas fotos pero nada más, si no traes agua, mejor ni lo intentes, tienes tiempo limite hasta las 12:00 mediodia para subir y se tarda unas 4 horas a paso lento. Si vas a subir tambien recomiendo llevar repelentes para los mosquitos ya que hay muchos mosquitos. Si te gusta escalar este viaje es para ti, pero si eres un poco sedentario no vale la pena pagar tanto solo para subir una montaña y tomarte unas cuantas fotos, por cierto, si llueve olvidate de subir los cerros, es imposible y probablemente te rompas o te hagas daño o peor. No hay seguridad alguna. Sinceramente es bonito para pasar el dia pero tienes que comprar los demas circuitos (1,2,3,4) , porque si no, no puedes ver nada. Recalco otra vez, tienes que pagar por todo, TODO. Las fotos son preciosas pero no todo lo que brilla es oro. Se podria distribuir mejor y que todo no sea tan caro. Igualmente muy bonito Perú y hermoso el machu picchu aunque con lo que cobran se podria mejor muchisimo.",seguridad,positivo,seguridad,neutro,seguridad,negativo,seguridad,acuerdo_total_3_de_3,,desacuerdo_total_3_diferentes,excluir_desacuerdo_total_label
gm_12a43c33656c4fd4__costos,gm_12a43c33656c4fd4,Circuito Mágico del Agua,en,"Underwhelming light show, it is cheap to enter but if you combine the price of the taxi I had to pay from Miraflores and back I wouldn't say it's worth it",costos,positivo,costos,neutro,costos,negativo,costos,acuerdo_total_3_de_3,,desacuerdo_total_3_diferentes,excluir_desacuerdo_total_label
gm_12a43c33656c4fd4__accesibilidad,gm_12a43c33656c4fd4,Circuito Mágico del Agua,en,"Underwhelming light show, it is cheap to enter but if you combine the price of the taxi I had to pay from Miraflores and back I wouldn't say it's worth it",accesibilidad,positivo,accesibilidad,neutro,accesibilidad,negativo,accesibilidad,acuerdo_total_3_de_3,,desacuerdo_total_3_diferentes,excluir_desacuerdo_total_label
gm_31f9a0377176fa09__aforo_multitudes,gm_31f9a0377176fa09,Reserva Nacional de Paracas,en,"Stunning place! Even though it was crowded due to Holidays, we had an amazing time.",aforo_multitudes,negativo,aforo_multitudes,neutro,aforo_multitudes,positivo,aforo_multitudes,acuerdo_total_3_de_3,,desacuerdo_total_3_diferentes,excluir_desacuerdo_total_label
gm_28f57d63ba69e453__accesibilidad,gm_28f57d63ba69e453,Monasterio de Santa Catalina,en,"A truly beautiful place, with a nice viewpoint. How sad the little garden inside is closed, otherwise it would be a great meditation spot.",accesibilidad,negativo,accesibilidad,neutro,accesibilidad,positivo,accesibilidad,acuerdo_total_3_de_3,,desacuerdo_total_3_diferentes,excluir_desacuerdo_total_label
gm_2deaaf6bee8effcf__costos,gm_2deaaf6bee8effcf,Valle del Colca,es,"No vale la pena hacer el tour fullday de un dia, sólo te pasean en camioneta.",costos,positivo,costos,neutro,costos,negativo,costos,acuerdo_total_3_de_3,,desacuerdo_total_3_diferentes,excluir_desacuerdo_total_label
gm_20947099e7a71690__atractivos,gm_20947099e7a71690,Museo de Sitio Huaca Pucllana,en,"I strongly recommend you to call before to plan your visit here. Google schedule is not updated frequently. Went there on Tuesday, the site was closed (whitout any explanations) as well as the restaurant for a private events ... Highly disappointed. Marketing team should take care of providing better communication.",atractivos,positivo,atractivos,neutro,atractivos,negativo,atractivos,acuerdo_total_3_de_3,,desacuerdo_total_3_diferentes,excluir_desacuerdo_total_label
gm_43565a2f712b1c23__atractivos,gm_43565a2f712b1c23,Valle del Colca,en,"Rating based only on the hike from Cabanaconde down to the oasis and back. The walk is doable in a day but made unpleasant by a deteriorating path and aggressive horsemen leading pack animals among it. Start early as there is no shelter between top and bottom. The oasis was clearly once beautiful, but is now marred by current and failed development attempts. Rubbish disposal appears to be a real issue. For the 70 soles entry fee I would hope better care can be taken of this area going forward.",atractivos,positivo,atractivos,neutro,atractivos,negativo,atractivos,acuerdo_total_3_de_3,,desacuerdo_total_3_diferentes,excluir_desacuerdo_total_label
gm_25130b6a0548657c__atractivos,gm_25130b6a0548657c,Líneas y Geoglifos de Nasca y Palpa,es,"Lo que menos nos gustó de nuestro viaje a Perú. Las líneas en sí son interesantes, pero todo lo que rodea a la gestión deja mucho que desear. Es muy caro para lo que ves, más el pago de 2 tasas diferentes una vez allí. Además, el vuelo en la avioneta dura media hora y las explicaciones son prácticamente inexistentes más allá de ""aquí tenemos la figura del mono"" En esa línea. Si pillara más de paso... Bueno. Pero pilla muy a desmano para solo media hora de sobrevuelo y ninguna explicación. Nos explicaron mil veces más cosas en Paracas sobre la única figura del candelabro que se encuentra allí, que en todas estas figuras en Nazca.",atractivos,positivo,atractivos,neutro,atractivos,negativo,atractivos,acuerdo_total_3_de_3,,desacuerdo_total_3_diferentes,excluir_desacuerdo_total_label
gm_25130b6a0548657c__atencion_servicio,gm_25130b6a0548657c,Líneas y Geoglifos de Nasca y Palpa,es,"Lo que menos nos gustó de nuestro viaje a Perú. Las líneas en sí son interesantes, pero todo lo que rodea a la gestión deja mucho que desear. Es muy caro para lo que ves, más el pago de 2 tasas diferentes una vez allí. Además, el vuelo en la avioneta dura media hora y las explicaciones son prácticamente inexistentes más allá de ""aquí tenemos la figura del mono"" En esa línea. Si pillara más de paso... Bueno. Pero pilla muy a desmano para solo media hora de sobrevuelo y ninguna explicación. Nos explicaron mil veces más cosas en Paracas sobre la única figura del candelabro que se encuentra allí, que en todas estas figuras en Nazca.",atencion_servicio,positivo,atencion_servicio,neutro,atencion_servicio,negativo,atencion_servicio,acuerdo_total_3_de_3,,desacuerdo_total_3_diferentes,excluir_desacuerdo_total_label
gm_08324a77123d54a0__atractivos,gm_08324a77123d54a0,Museo de Sitio Huaca Pucllana,es,"Una zona Arqueológica bien pero nada sorprendente, pésimo que no puedas hacer el recorrido por tu cuenta, necesitas pagar un guía, en todas partes del Perú es lo mismo del guía y tienes que llevar el ritmo que te impongan... Mucho tiempo para un recorrido que lo puedes hacer rápido y sobre todo que ya leíste...",atractivos,positivo,atractivos,neutro,atractivos,negativo,atractivos,acuerdo_total_3_de_3,,desacuerdo_total_3_diferentes,excluir_desacuerdo_total_label
gm_1c64162dd3a98547__atencion_servicio,gm_1c64162dd3a98547,Monasterio de Santa Catalina,es,"El lugar es precioso aunque le falta un poquito de mantenimiento. Hay muchas reglas que NO INFORMAN ANTES DE ENTRAR por ningún medio, uno se va enterando dentro (gracias a un personal no muy amable) una de ellas es el código de vestimenta, que no existe pero si te dicen que te tapes, hasta donde? NO LO DICEN. Otra es el horario de atención, básicamente te botan desde las 5.30pm cuando el horario, al menos en esta plataforma, es a 8pm. Quitando el personal poco amable le daría 5 estrellas, me apena que los extranjeros tengan que vivir una experiencia así. Espero de todo corazón que mejoren.",atencion_servicio,positivo,atencion_servicio,neutro,atencion_servicio,negativo,atencion_servicio,acuerdo_total_3_de_3,,desacuerdo_total_3_diferentes,excluir_desacuerdo_total_label
gm_2179733258be4b4a__clima,gm_2179733258be4b4a,Líneas y Geoglifos de Nasca y Palpa,es,Por el costode la avioneta es preferible llegar hasta el mirador de donde se tiene una vista parcial. No es recomendable paraniños muy pequeños debido al fuerte viento en la zona.,clima,negativo,clima,neutro,clima,positivo,clima,acuerdo_total_3_de_3,,desacuerdo_total_3_diferentes,excluir_desacuerdo_total_label
gm_1c8934c1e89a94eb__atractivos,gm_1c8934c1e89a94eb,Monasterio de Santa Catalina,en,"The monastery is nice but i have not seen 15 usd entrance fee in one of the poorest countries in the world. No wonder i could see maybe 5 tourists, no locals.... Shame.....",atractivos,positivo,atractivos,neutro,atractivos,negativo,atractivos,acuerdo_total_3_de_3,,desacuerdo_total_3_diferentes,excluir_desacuerdo_total_label
gm_35229a4b2e7f225d__atractivos,gm_35229a4b2e7f225d,Santuario Histórico de Machu Picchu,es,"Compre en el sito internet del ministero de cultura la Ruta 1 panorámica, porque no habia hotro disponible,de verdad una gran cagada,no es posible hacer 12.000 km para vender puro sendero y nada mas , pésimo ha calle y sendero mucho bas bonito en Europa del medio evo..una verdadera estafa,no lo recomiendo a nadie",atractivos,positivo,atractivos,neutro,atractivos,negativo,atractivos,acuerdo_total_3_de_3,,desacuerdo_total_3_diferentes,excluir_desacuerdo_total_label
gm_4173cc526cfc94ba__costos,gm_4173cc526cfc94ba,Circuito Mágico del Agua,en,Not worth the visit unless you're traveling with kids. The place is super crowded and atmosphere isn't relaxing. The fountains don't have any music. Every hour (check website for laser show timings) there's a 15 min laser movie played over one of the fountains with music.,costos,positivo,costos,neutro,costos,negativo,costos,acuerdo_total_3_de_3,,desacuerdo_total_3_diferentes,excluir_desacuerdo_total_label
gm_3b3f41b0bd95c0cf__atencion_servicio,gm_3b3f41b0bd95c0cf,Valle del Colca,es,"Es un lugar maravilloso , tiene lugares y monumentos que son una maravilla , conocer costumbres , se conserva una cultura ecológica, un clima agradable, personas muy amables",atencion_servicio,positivo,atencion_servicio,neutro,atencion_servicio,negativo,atencion_servicio,acuerdo_total_3_de_3,,desacuerdo_total_3_diferentes,excluir_desacuerdo_total_label
gm_387a3f86b7440864__atractivos,gm_387a3f86b7440864,Circuito Mágico del Agua,es,"Tanto cobran para tantas personas para que al final no lo administren bien deplorable servicio en todo caso mejor uno se queda en su casa o en su hotel, si alguien desea ir para no hacer cola y estar adelante tienen que ir temprano para que puedan siquiera disfrutar de todo recomendable por horas aceptar a solo una cantidad de personas para que no haya disgustos de las personas",atractivos,positivo,atractivos,neutro,atractivos,negativo,atractivos,acuerdo_total_3_de_3,,desacuerdo_total_3_diferentes,excluir_desacuerdo_total_label
gm_387a3f86b7440864__costos,gm_387a3f86b7440864,Circuito Mágico del Agua,es,"Tanto cobran para tantas personas para que al final no lo administren bien deplorable servicio en todo caso mejor uno se queda en su casa o en su hotel, si alguien desea ir para no hacer cola y estar adelante tienen que ir temprano para que puedan siquiera disfrutar de todo recomendable por horas aceptar a solo una cantidad de personas para que no haya disgustos de las personas",costos,positivo,costos,neutro,costos,negativo,costos,acuerdo_total_3_de_3,,desacuerdo_total_3_diferentes,excluir_desacuerdo_total_label
gm_387a3f86b7440864__atencion_servicio,gm_387a3f86b7440864,Circuito Mágico del Agua,es,"Tanto cobran para tantas personas para que al final no lo administren bien deplorable servicio en todo caso mejor uno se queda en su casa o en su hotel, si alguien desea ir para no hacer cola y estar adelante tienen que ir temprano para que puedan siquiera disfrutar de todo recomendable por horas aceptar a solo una cantidad de personas para que no haya disgustos de las personas",atencion_servicio,positivo,atencion_servicio,neutro,atencion_servicio,negativo,atencion_servicio,acuerdo_total_3_de_3,,desacuerdo_total_3_diferentes,excluir_desacuerdo_total_label
gm_387a3f86b7440864__alojamiento,gm_387a3f86b7440864,Circuito Mágico del Agua,es,"Tanto cobran para tantas personas para que al final no lo administren bien deplorable servicio en todo caso mejor uno se queda en su casa o en su hotel, si alguien desea ir para no hacer cola y estar adelante tienen que ir temprano para que puedan siquiera disfrutar de todo recomendable por horas aceptar a solo una cantidad de personas para que no haya disgustos de las personas",alojamiento,positivo,alojamiento,neutro,alojamiento,negativo,alojamiento,acuerdo_total_3_de_3,,desacuerdo_total_3_diferentes,excluir_desacuerdo_total_label
gm_1a9ec105466ae78e__atractivos,gm_1a9ec105466ae78e,Circuito Mágico del Agua,es,La verdad es que puedes disfrutar de sus fuentes colores de noche pero pagas entrada y te cobran el uso de los baños. Cualquier atracción en el parque tiene un costo extra.,atractivos,positivo,atractivos,neutro,atractivos,negativo,atractivos,acuerdo_total_3_de_3,,desacuerdo_total_3_diferentes,excluir_desacuerdo_total_label
gm_11e84329c8095163__atractivos,gm_11e84329c8095163,Museo Tumbas Reales del Señor de Sipán,en,Probably a nice museum - if you understand Spanish perfectly. Only in the beginning there were some English translations but then everything is only in Spanish. So without understanding anything there were some nice jewelry and pottery but also these were almost always the same. According to the guest book at the end there are almost only Perú citizens visiting this site. I guess more foreigners would come if they’d understand anything. Audio guides would be the perfect solution.,atractivos,positivo,atractivos,neutro,atractivos,negativo,atractivos,acuerdo_total_3_de_3,,desacuerdo_total_3_diferentes,excluir_desacuerdo_total_label
gm_11e84329c8095163__atencion_servicio,gm_11e84329c8095163,Museo Tumbas Reales del Señor de Sipán,en,Probably a nice museum - if you understand Spanish perfectly. Only in the beginning there were some English translations but then everything is only in Spanish. So without understanding anything there were some nice jewelry and pottery but also these were almost always the same. According to the guest book at the end there are almost only Perú citizens visiting this site. I guess more foreigners would come if they’d understand anything. Audio guides would be the perfect solution.,atencion_servicio,positivo,atencion_servicio,neutro,atencion_servicio,negativo,atencion_servicio,acuerdo_total_3_de_3,,desacuerdo_total_3_diferentes,excluir_desacuerdo_total_label
gm_3b55e3abf2b88a5f__atractivos,gm_3b55e3abf2b88a5f,Circuito Mágico del Agua,en,Not bad but it was full of people in the weekend I do not recommend to go those days,atractivos,positivo,atractivos,neutro,atractivos,negativo,atractivos,acuerdo_total_3_de_3,,desacuerdo_total_3_diferentes,excluir_desacuerdo_total_label
gm_07f8f509f1937aab__seguridad,gm_07f8f509f1937aab,Centro Histórico de Lima,es,"Es hermosa las plaza, pero el hecho de estar cerrada casi todo el tiempo desluce totalmente su visita. Las autoridades a cargo deberían replantearse qué tan cierto es eso de que cerrar la plaza aumenta la seguridad para Palacio de Gobierno.",seguridad,positivo,seguridad,neutro,seguridad,negativo,seguridad,acuerdo_total_3_de_3,,desacuerdo_total_3_diferentes,excluir_desacuerdo_total_label
gm_0245141dc2e034bc__seguridad,gm_0245141dc2e034bc,Reserva Nacional de Paracas,es,Tienen un pésimo control del tránsito vehicular. Dejan pasar a vehículos con visitantes sin ticket sin advertir que son necesarios para el ingreso a playas. No tienen alternativas de pago. playas sin vigilancia. Pésimo,seguridad,positivo,seguridad,neutro,seguridad,negativo,seguridad,acuerdo_total_3_de_3,,desacuerdo_total_3_diferentes,excluir_desacuerdo_total_label
gm_360d8267591baa09__atractivos,gm_360d8267591baa09,Valle del Colca,es,"La experiencia es bonita cuando estás ahí, lo malo son el circuito que te brindan las agencias de viaje; pues es un camino largo en bus desde Arequipa donde terminas con las rodillas doloridas porque el bus se ha llenado de asientos y no puedes estirar las piernas durante 4 horas y además en Chivay te cobran un ojo de la cara solo por pasar al distrito. Un abuso al turista.",atractivos,positivo,atractivos,neutro,atractivos,negativo,atractivos,acuerdo_total_3_de_3,,desacuerdo_total_3_diferentes,excluir_desacuerdo_total_label
gm_360d8267591baa09__atencion_servicio,gm_360d8267591baa09,Valle del Colca,es,"La experiencia es bonita cuando estás ahí, lo malo son el circuito que te brindan las agencias de viaje; pues es un camino largo en bus desde Arequipa donde terminas con las rodillas doloridas porque el bus se ha llenado de asientos y no puedes estirar las piernas durante 4 horas y además en Chivay te cobran un ojo de la cara solo por pasar al distrito. Un abuso al turista.",atencion_servicio,positivo,atencion_servicio,neutro,atencion_servicio,negativo,atencion_servicio,acuerdo_total_3_de_3,,desacuerdo_total_3_diferentes,excluir_desacuerdo_total_label
gm_1824c8cdad783e6b__atractivos,gm_1824c8cdad783e6b,Museo de Sitio Huaca Pucllana,en,The dinner was really mediocre and the desserts were especially poor. I'm surprised at all the really good reviews. The restaurant itself was absolutely beautiful and the historic site was amazing. My low score is specific to the food.,atractivos,positivo,atractivos,neutro,atractivos,negativo,atractivos,acuerdo_total_3_de_3,,desacuerdo_total_3_diferentes,excluir_desacuerdo_total_label
gm_1824c8cdad783e6b__gastronomia,gm_1824c8cdad783e6b,Museo de Sitio Huaca Pucllana,en,The dinner was really mediocre and the desserts were especially poor. I'm surprised at all the really good reviews. The restaurant itself was absolutely beautiful and the historic site was amazing. My low score is specific to the food.,gastronomia,positivo,gastronomia,neutro,gastronomia,negativo,gastronomia,acuerdo_total_3_de_3,,desacuerdo_total_3_diferentes,excluir_desacuerdo_total_label
gm_2c7122db1330022e__limpieza,gm_2c7122db1330022e,Monasterio de Santa Catalina,en,"I think the admission fee is excessively expensive. The Wi-Fi is slow, but there are free lockers, and the restrooms are reasonably clean.",limpieza,positivo,limpieza,neutro,limpieza,negativo,limpieza,acuerdo_total_3_de_3,,desacuerdo_total_3_diferentes,excluir_desacuerdo_total_label
gm_24e7b4800e10a384__accesibilidad,gm_24e7b4800e10a384,Monasterio de Santa Catalina,es,"Si vas a viajar a Arequipa, el monasterio es una parada que si o sí te lo recomiendo. El lugar es realmente enorme, puedes estar todo el tiempo que quieras, la historia es impresionante y es un vistazo a como era la vida de las mujeres que entraban al claustro. Excelente lugar para fotos, cada rincón del monasterio es hermoso. Recomiendo que tomen la opción de ir con una guía. Me toco Laura, una señora espectacular. Su guiado fue A1, su forma de contarnos la historia del monasterio refleja la pasión por la historia y el cariño que le tiene ese lugar. Definitivamente volvería a ir, vale la pena los 45 soles de entrada. Recomendación: vayan con zapatillas cómodas porque van a caminar mucho. Usen bloqueador. Y vayan acompañados de un buen fotógrafo 😂.",accesibilidad,negativo,accesibilidad,neutro,accesibilidad,positivo,accesibilidad,acuerdo_total_3_de_3,,desacuerdo_total_3_diferentes,excluir_desacuerdo_total_label
gm_0434d44c5d67be53__costos,gm_0434d44c5d67be53,Santuario Histórico de Machu Picchu,es,"Lugar espectacular!! Subimos caminando desde el parque donde abrieron a las 5 am con linternas para ir iluminando el camino, habían muchas personas y pensé que era la única jaja recibir el amanecer en este lugar es algo que no tiene palabras por eso vale madrugar y ser uno de los primeros ya que para ir a wainapichu es restringida la cantidad de visitantes porque es un poco peligroso. Para llegar allí caminando fue más de una hora todo es subida, así que hay que ir bien preparado con zapatos cómodos. Se puede ir también en busitos, que recuerdo que eran como 20$ en ese momento por persona. No sé puede comer allí adentro es prohibido, las cosas son super caras así que es mejor llevar algo en un morral y ser aseados y no lanzar nada en el piso, Lo resumo un espacio mágico, estando allí en medio de sus paredes de piedra yo no podía creerlo!!",costos,negativo,costos,neutro,costos,positivo,costos,acuerdo_total_3_de_3,,desacuerdo_total_3_diferentes,excluir_desacuerdo_total_label
gm_0434d44c5d67be53__seguridad,gm_0434d44c5d67be53,Santuario Histórico de Machu Picchu,es,"Lugar espectacular!! Subimos caminando desde el parque donde abrieron a las 5 am con linternas para ir iluminando el camino, habían muchas personas y pensé que era la única jaja recibir el amanecer en este lugar es algo que no tiene palabras por eso vale madrugar y ser uno de los primeros ya que para ir a wainapichu es restringida la cantidad de visitantes porque es un poco peligroso. Para llegar allí caminando fue más de una hora todo es subida, así que hay que ir bien preparado con zapatos cómodos. Se puede ir también en busitos, que recuerdo que eran como 20$ en ese momento por persona. No sé puede comer allí adentro es prohibido, las cosas son super caras así que es mejor llevar algo en un morral y ser aseados y no lanzar nada en el piso, Lo resumo un espacio mágico, estando allí en medio de sus paredes de piedra yo no podía creerlo!!",seguridad,negativo,seguridad,neutro,seguridad,positivo,seguridad,acuerdo_total_3_de_3,,desacuerdo_total_3_diferentes,excluir_desacuerdo_total_label
gm_3f226cf1e443f543__atractivos,gm_3f226cf1e443f543,Ciudadela de Kuélap,en,"We just went to Kuélap. Don’t go to Kuélap if you’re coming from Chachapoyas. It’s definitely not worth paying the collectivo and teleferico to a place that’s almost totally closed. You need to make a reservation in advance, you get 45 minutes to visit the place, which you can totally do in less than 20 minutes. It’s really not nice! Wait until the place opens up fully again, then it should be very nice.",atractivos,positivo,atractivos,neutro,atractivos,negativo,atractivos,acuerdo_total_3_de_3,,desacuerdo_total_3_diferentes,excluir_desacuerdo_total_label
gm_3f226cf1e443f543__costos,gm_3f226cf1e443f543,Ciudadela de Kuélap,en,"We just went to Kuélap. Don’t go to Kuélap if you’re coming from Chachapoyas. It’s definitely not worth paying the collectivo and teleferico to a place that’s almost totally closed. You need to make a reservation in advance, you get 45 minutes to visit the place, which you can totally do in less than 20 minutes. It’s really not nice! Wait until the place opens up fully again, then it should be very nice.",costos,positivo,costos,neutro,costos,negativo,costos,acuerdo_total_3_de_3,,desacuerdo_total_3_diferentes,excluir_desacuerdo_total_label
gm_2a0abfc1c75f00d0__atractivos,gm_2a0abfc1c75f00d0,Centro Histórico de Lima,en,"People saying this square is ""wonderful"" likely have never traveled anywhere else before. Crowded & dirty & horrible traffic & not much to see or do. A photo is sufficient... no need to go all the way here",atractivos,positivo,atractivos,neutro,atractivos,negativo,atractivos,acuerdo_total_3_de_3,,desacuerdo_total_3_diferentes,excluir_desacuerdo_total_label
gm_2c5d460ed8b57a9f__atractivos,gm_2c5d460ed8b57a9f,Museo Tumbas Reales del Señor de Sipán,en,El señor de Sipan is not open to the public at this time. Please know this. The museum should disclose this on google maps. They are doing maintenance on the room he is in. Two temporary exhibitions are open and entrance is free. The guides and staff are most apologetic about this . We travelled a long way to see this. If we had known we would not have come this way. Email museum before you travel. They respond on Facebook. Might open in January 2024. Check first and save yourself the disappointment. Brunning museum is still worth a visit.,atractivos,positivo,atractivos,neutro,atractivos,negativo,atractivos,acuerdo_total_3_de_3,,desacuerdo_total_3_diferentes,excluir_desacuerdo_total_label
gm_2c5d460ed8b57a9f__costos,gm_2c5d460ed8b57a9f,Museo Tumbas Reales del Señor de Sipán,en,El señor de Sipan is not open to the public at this time. Please know this. The museum should disclose this on google maps. They are doing maintenance on the room he is in. Two temporary exhibitions are open and entrance is free. The guides and staff are most apologetic about this . We travelled a long way to see this. If we had known we would not have come this way. Email museum before you travel. They respond on Facebook. Might open in January 2024. Check first and save yourself the disappointment. Brunning museum is still worth a visit.,costos,positivo,costos,neutro,costos,negativo,costos,acuerdo_total_3_de_3,,desacuerdo_total_3_diferentes,excluir_desacuerdo_total_label
gm_1bb8346cfe000951__atencion_servicio,gm_1bb8346cfe000951,Santuario Histórico de Machu Picchu,en,"Disappointing :-( First of all, my experience has nothing to do with the actual site. The view, ruins, landscape and llamas are surreal! My disappointing experience is about the management of the site. I knew it was a touristy place and quite expensive to go. Most places are restricted/controlled and you can't enter inside the temples etc..you can just go around. Apparently a few years ago everything was open (said some friends who went before). And then you have all the tour groups that take a lot of spaces on the path. I almost didn't take any pictures, I didn't feel I had the freedom to do so because the path goes only on one way (so you can't go back on your path) and people are moving so you kind of feel a bit in a tour group without being in it and you kind of have to go forward. I didn't feel free to walk around/take pictures as I would have liked to. And then there are 4 choices of tickets, with different circuits, bit it doesn't give you access to everywhere with only one ticket, so you need to buy another one. This wasn't very cleared on the website. I just find that you put so much effort (physically, mentally and financially) to get there (waking up super early, doing all the trip to get to Aguas Calientes, walking up the (many!) stairs to the entrance, and the cost etc), in the end to leave with a bitter feeling. Is it worth it? I'm still unsure if it was.",atencion_servicio,neutro,atencion_servicio,negativo,atencion_servicio,positivo,atencion_servicio,acuerdo_total_3_de_3,,desacuerdo_total_3_diferentes,excluir_desacuerdo_total_label
gm_418db51b1b4ebe9c__atractivos,gm_418db51b1b4ebe9c,Santuario Histórico de Machu Picchu,en,Amazing site but the processes and regulations are overly complicated and excessive. Also in total an incredibly expensive experience. Management here could benefit from a customer-first mindset.,atractivos,positivo,atractivos,neutro,atractivos,negativo,atractivos,acuerdo_total_3_de_3,,desacuerdo_total_3_diferentes,excluir_desacuerdo_total_label
gm_4019535923e997d7__atractivos,gm_4019535923e997d7,Santuario Histórico de Machu Picchu,es,"Belleza del lugar indiscutible, pero el sistema de sacar ticket de forma presencial UNA VERGÜENZA. La pagina web falla y si aciertas en la pirmers vez es solo casulaidad. Las agencias banco nacion no reciben el pago . El pueblo machu pichu lindo pero se ve q a la población no le llega dinero ya que sus edificios rayan la precariedad y pobreza. Sin agua potable. Y ni me quiero imaginar el desagote cloacal. Y les entra mas de un millon de dólares diarios!! POBRES INCAS EN SUS TUMBAS SE REVUELVEN....bueno...hermosas las ruinss pero no creo q vuelva. Minimo...solucionen el problema de los tickets presenciales!! Deberian sacarse desde ollantay, urubamba y cusco. Pongo UNA SOLA * en solaridad a los locales que no les llega dinero de la explotacion turistica, HAGAN UDS LO MISNO",atractivos,positivo,atractivos,neutro,atractivos,negativo,atractivos,acuerdo_total_3_de_3,,desacuerdo_total_3_diferentes,excluir_desacuerdo_total_label
gm_228fbf1e6e63ab14__costos,gm_228fbf1e6e63ab14,Ciudadela de Kuélap,en,"Visited in October, was not worth paying the colectivo and teleferico since most of the place is closed. We were able to go through all the open parts in 15 minutes.",costos,positivo,costos,neutro,costos,negativo,costos,acuerdo_total_3_de_3,,desacuerdo_total_3_diferentes,excluir_desacuerdo_total_label
gm_43e41af601d21684__gastronomia,gm_43e41af601d21684,Museo de Sitio Huaca Pucllana,es,"No vale lo que cuesta. Lo único rico fue el pulpo a la crema de ají. De allí, el arroz masacotudo, el lomo saltado nada generoso, con papas fritas aguachentas, cortes muy grandes, nada jugoso. El ají de gallina, nada especial, simplón. Lo que da pena es la cantidad de turistas que van y que no se llevarán la real impresión del buen sabor de la comida peruana.",gastronomia,positivo,gastronomia,neutro,gastronomia,negativo,gastronomia,acuerdo_total_3_de_3,,desacuerdo_total_3_diferentes,excluir_desacuerdo_total_label
gm_305bff750201b6af__atractivos,gm_305bff750201b6af,Ciudadela de Kuélap,es,"Pensé, de acuerdo a los blogs que leí el ingreso era de 15 soles. Pero cuando llegue al lugar el ingreso al complejo era de 30 soles por persona, un precio considero excesivo. Muchos lugares del complejo estaban en reconstrucción y era difícil poder apreciar este hermoso lugar",atractivos,positivo,atractivos,neutro,atractivos,negativo,atractivos,acuerdo_total_3_de_3,,desacuerdo_total_3_diferentes,excluir_desacuerdo_total_label
gm_44569e783b1cae52__aforo_multitudes,gm_44569e783b1cae52,Santuario Histórico de Machu Picchu,es,"Es un lugar que está lleno de magia, con mucha cultura, enigmas y conocimiento... A pesar de la pandemia el recorrido es placentero y cumple con todo el protocolo de bioseguridad, contento y seguro de regresar lo más pronto posible",aforo_multitudes,negativo,aforo_multitudes,neutro,aforo_multitudes,positivo,aforo_multitudes,acuerdo_total_3_de_3,,desacuerdo_total_3_diferentes,excluir_desacuerdo_total_label
