review_uid,destination,language_review,text_clean,asp_atractivos,asp_costos,asp_seguridad,asp_accesibilidad,asp_limpieza,asp_atencion_servicio,asp_gastronomia,asp_alojamiento,asp_clima,asp_aforo_multitudes
gm_a28c7398395dc6fd,Centro Histórico de Lima,es,"Hermosa como todo el Perú súper limpia bastantes restaurantes, bastante seguridad grande bastantes fachos aveces se encuentra cerrada por manifestaciones previas así es que hay que estar atento a las noticias pero es muy bonito la catedral y la arquitectura muy bonita",,,,,,,,,,
gm_40d635b527a3c89a,Santuario Histórico de Machu Picchu,en,"Life time experience! Be patient the weather can be very unpredictable specially is you go on a rainy season, take the early entrance ticket so you can have more time to enjoy the amazing views and vibes from this magical place",,,,,,,,,,
gm_cc21006a2a146706,Monasterio de Santa Catalina,en,"Must see if you are blessed to visit Arequipa. Make sure to ask for Claudia, great tour guide, clear English, very knowledgeable and funny!",,,,,,,,,,
gm_2fc85c7882ab9b27,Monasterio de Santa Catalina,es,"No soy visitante frecuente de museos o similares, pero este lugar es bastante atrapante. Recomiendo solicitar el servicio de guiado. Hay descuento para peruanos.",,,,,,,,,,
gm_eb47d0664c374a19,Santuario Histórico de Machu Picchu,es,"Precioso, lo único malo es que tarda mucho en salir el bus. Porfavor si lo visitan, respeten y cuiden el lugar. Igual para todos los sitios arqueológicos, hay que demostrar buena cultura.",,,,,,,,,,
gm_1125d90c348a1fec,Monasterio de Santa Catalina,en,Beautiful and colorful place. Huge! Lots of places to walk and admire the houses once were inhabited by the nuns. Go until the end. Check the bakery!! Also you can go to the rooftop and check the volcano view.,,,,,,,,,,
gm_bf814226f8ee61a4,Valle del Colca,es,"Ahora puedes hacer Colca en un full day, te recogen 3am y llegas 7am tomas desayuno ahora en pandemia, desayuno vivencial. El paisaje el lindo, hace mucho frío en el viaje, ver a los cóndores es la idea principal, tiene el mirador y puedes ver el vuelo de los cóndores. Los baños termales parada obligatoria.",,,,,,,,,,
gm_1075ddb7e4ad3204,Valle del Colca,es,"Lo malo de la visita es la comida tienen un restaurant que ofrece bufet, y su comida no vale la pena advertidos",,,,,,,,,,
gm_086292c42fe23434,Monasterio de Santa Catalina,es,"Hermoso Convento, Con mucha ventilacion, cuidados en su conservación, guías muy amables en todos los idiomas. Una maravillosa visita y excelentes fotos de recuerdo.",,,,,,,,,,
gm_19370cc601f723e4,Centro Histórico de Lima,es,"Es increíble poder conocer el lugar donde el Gral José de San Martín proclamará la independencia del Perú, conocer la pileta y la fama recorrer la plaza y ver los alrededores es muy hermoso antiguo y histórico, lo recomiendo.",,,,,,,,,,
gm_df6efce698f553e4,Santuario Histórico de Machu Picchu,en,"Great spot, we went in Peru Rail. Great food , site, people. Be ready for physical challenge who are not so active. Once in life time experience.",,,,,,,,,,
gm_7c4bdd4830474a3e,Museo Tumbas Reales del Señor de Sipán,es,"Museo a 30 minutos de Chiclayo a 1.50 en bus, se encuentra a 2 cuadras de la pista principal de Lambayeque amplio bien implementado con un recorrido descendente el cual inicia con un video. Hay piezas originales y bellas halladas en la misma tumba de Sipan. El museo está cerrado los días lunes y no se puede ingresar con celulares ni ningún depositivo. Alrededor del museo hay tiendas de souveniers independientes donde tienes que regatear",,,,,,,,,,
gm_a2855220e18090a8,Ciudadela de Kuélap,es,"Impresionante la arquitectura de kuelap, estoy feliz de haberla podido visitar, cuiden el patrimonio nacional",,,,,,,,,,
gm_7b97c486ea5935b5,Museo de Sitio Huaca Pucllana,es,Bueno. Aqui se muestra el templo que fue construido por la cultura Lima como adoracion al Mar de la Costa y los alimentos infinitos que proveía … eso es aproximadamente del año 400 despues de Cristo hasta el 650 dC… la cultura perece con el tiempo y es encontrada por la cultura Huari/Wari en 1100 dC y siguen conservando el lugar como templo pero ellos entierran a sus muertos con textiles con colores. mascaras y mantos con detalles andinos… pasan los años y la cultura perece y el templo es encontrado por la cultura Yschma en los años 1450dC … todos respetaron el lugar y le dieron distintos tipos de adoraciones… Los incas nunca se asentaron en ese templo y es raro porque tuvieron un lugar ocupado a unos 4kilometros de esa huaca… y Bueno asi termina mi reseña.,,,,,,,,,,
gm_27df25e50228c638,Circuito Mágico del Agua,es,"Solo de tner una mojadita en esta expriencia de estar entre las luces de tner de ver todas los colores y olores solo te puedo decir que todos las fotografias que puedes tnder es lo meojr que puedes pasar , haber ghoy en dia nadie ah tenido esa opinion de tener una citaahy porque yo cuando andaba en la noches aveces se me ocurria bajar con alguien espceial y lo cual que me encantaba quedarme hastya que cerraban ojala se pueda mejora muchas cosas como las exposuiciones o poder tener otro tipos de ventas los cuales de cuales me tenga que indentificar es lo unico que yo quiero la verdad de que pueda crecer demasiado",,,,,,,,,,
gm_c91a0ef30cffcd92,Líneas y Geoglifos de Nasca y Palpa,es,Bonito paisaje solo hecho en el Perú de ahí inventan la película Las Señales,,,,,,,,,,
gm_cf69cb01c78973ce,Santuario Histórico de Machu Picchu,en,What an amazing place. To think that this was built so long ago and has lasted longer than my 10 year old house. Unbelievable on how this place was constructed with no computers or concrete cutting wheels,,,,,,,,,,
gm_4d8de3f3789d8d38,Líneas y Geoglifos de Nasca y Palpa,en,"Amazing place to visit and a definite must. We booked a little plane to overfly the lines. Amazing view from above. As the planes are little, be prepared for the ADVENTURE of air holes! :D",,,,,,,,,,
gm_79b350b61c7d9dd5,Centro Histórico de Lima,en,"The centre of Lima is full of stately buildings from the colonial period, elegant houses with window boxes and balconies, ornate churches, and modern museums housed within beautiful architecture with exquisite azulejos or ceramic tiles. There are so many places to explore so if you're short on time, you need to pick and choose.",,,,,,,,,,
gm_72eba0065644530f,Circuito Mágico del Agua,en,"This place was amazing... only wish we could have come back in the evening, when there are lights. Given the opportunity, I'd come again.",,,,,,,,,,
gm_44dfd3b80cf84d8a,Santuario Histórico de Machu Picchu,es,"El parque Arqueologico de Machu Pichu, sin dudas es una de las Maravillas del mundo más imponente que conocí. Ademas de la belleza del paisaje, su mistica y pasado historico de la cultura Incaica, las vistas panorámicas desde la ciudadela son impresionantes. Hice el recorrido en el primer horario, me pareció excelente la opción, ya que te encuentras casi solo caminando por la ciudadela, ya que la gran mayoría de los turistas comienzan a llegar unas horas más tarde, vale la pena comenzar a las 5 am, si lo quieres disfrutar en paz y tranquilo.",,,,,,,,,,
gm_a7ff7d8afa696eea,Reserva Nacional de Paracas,es,"Dale Like 👍 Hermoso acantilado donde se puede apreciar la playa, sus formaciones rocosas y a lo lejos el litoral, tambien tienes playa la mina que es muy concurrida, esta el museo de sitio, existen varios puntos de obserbación que tienes que visitar.",,,,,,,,,,
gm_88a9987956d1e9fe,Monasterio de Santa Catalina,en,Beautiful place but kind of grimm history considering what the nuns did to themselves (fastening and sleep deprivation are the simplest things). Enjoying it takes about 90 minutes to 2 hours if you are thorough. On Tuesdays and Wednesdays they are now open until 8pm...,,,,,,,,,,
gm_d5be80058c3cca2e,Circuito Mágico del Agua,es,"Si buen lugar, solo procuren ir temprano y asi no hacwr mucha cola en la noche",,,,,,,,,,
gm_d6d5706a68ce65c9,Museo de Sitio Huaca Pucllana,en,"Huaca Pucllana: 4000-year-old pyramid, check. Boring guide who puts you to sleep, check. If you're gonna make me walk on ancient genius pyramid, at least make the tour entertaining. Suggestion: skip the guide and hit up the Larco Museum first. Learn more over there Trust me, you'll be way more impressed when you finally get to the real education. And honestly, just read the Wikipedia page, you'll learn more. Need tour guide and takes about one hour.",,,,,,,,,,
gm_38fd9942e3b02fc1,Valle del Colca,es,"Un lugar que encierra historia y cultura, una maravilla natural digna de visitar, recomiendo tomarse mas de 1 dia para visitar",,,,,,,,,,
gm_21ee6842bc19c7ef,Valle del Colca,en,"It is an amazing experience to reach el Cañon del Colca in Arequipa. It is the world's third deepest canyon in the world. You will have the opportunity to see the nearby villages and the many activities they provide. Once you reach el mirador la Cruz del Cóndor, you will be delighted to see the condors as they fly across the sky and dive deep into the canyon. Sunscreen, hat and water are a must during this helada season. Walk at your own pace to enjoy the beautiful views and take lots of pictures, cheers! ✨️",,,,,,,,,,
gm_b9bae3106792af8f,Circuito Mágico del Agua,es,"Linda la temática instagrameable que hay, vale la pena! No me gusta que ya no sea exclusivo el parque de piletas de agua y hay puro puesto de comida y juegos que no habían años atrás, ya no es un parque solo de agua.",,,,,,,,,,
gm_39794d056ef3cd88,Museo de Sitio Huaca Pucllana,es,"Fuimos a la salida de un curso el día domingo, y esta fue mi segunda vez asistiendo. Sin embargo, por segunda vez consecutiva noté los mismos detalles que deberían mejorar. Los recorridos son demasiado planos y se vuelven algo monótonos, además de que los grupos son muy grandes, lo que hace que no todos los visitantes presten atención o se sientan incluidos. En mi caso, la señorita que guiaba avanzaba muy rápido y parecía dirigirse solo a un grupo reducido de personas, dejando de lado a los demás, sin atender las dudas que teníamos. También avanzaba a su propio ritmo, sin esperar que el resto del grupo se reagrupe, lo cual me pareció poco considerado. Fuera de esos puntos, el lugar en sí está muy bien cuidado. Se nota el cariño y el buen manejo que tienen, ya que todo se ve limpio, ordenado y en excelente estado. Aunque todo está muy bien conservado, hay ciertas partes como la zona final del recorrido, en la parte más alta de la huaca endonde se sienten algunos tramos un poco peligrosos, sobre todo al descender, ya que hay curvas pronunciadas sin barandas o elementos de seguridad que podrían evitar accidentes. En general, es un lugar valioso y bien preservado, pero el servicio de guiado y la seguridad en algunos tramos podrían mejorar mucho la experiencia del visitante.",,,,,,,,,,
gm_abfaf6c60a448e30,Santuario Histórico de Machu Picchu,en,Quite hard and long. But worth the ride. However we didn't get to see much because of the fog. But it was amazing still!!!,,,,,,,,,,
gm_868da08e0fea5fcd,Circuito Mágico del Agua,en,"Enjoyable evening, walking around the different coloured fountains very impressive, some of which you can walk through (you do get wet), there is plenty of places to sit and its in a large green park. Good for children",,,,,,,,,,
gm_f7df8226a1870032,Circuito Mágico del Agua,es,"Hermoso lugar, sobretodo de noche ya que se encienden luces que alumbran y le dan un toque hermoso a las piletas de agua Muchos quioscos, los precios son un poco altos pero accesibles",,,,,,,,,,
gm_a434335f2844a103,Santuario Histórico de Machu Picchu,en,"If you enjoy deplorable huge crowds, aggressive 'guides', restricted movement, late trains and buses, bad food and overpriced everything - then you'll LOVE this place. Honestly.. Wish I never came. Worst part of my Peru trip by a mile. Only part I enjoyed was the walk down from Machu pichu.. Besides all the trash everywhere. I would be ashamed if this was my country.",,,,,,,,,,
gm_e9e8c6755a2e2e31,Museo de Sitio Huaca Pucllana,en,"I wish I had gotten the name of my guide! She was amazing! Smart, passionate, and flawless English. We learned a lot!",,,,,,,,,,
gm_ac86cfb56c5327da,Centro Histórico de Lima,en,"Impressive main square in the old town of Lima. So very different from the rest of the city with surrounding buildings maintained perfectly, a large walking area and a huge fountain in the very center of the main square.",,,,,,,,,,
gm_34f7c0a7f376130d,Santuario Histórico de Machu Picchu,es,"Un lugar muy hermoso, en donde la arquitectura habla por si sola. Subir las montañas es algo genial, estás en contacto con la naturaleza al 100. Las entradas sólo se pueden pagar vía internet o en lugares habilitados, no se pueden pagar al llegar a las ruinas (cosa que yo no sabía).",,,,,,,,,,
gm_4cf768c852ad3021,Santuario Histórico de Machu Picchu,en,"It's a nice place impressive views, but it does need to have better routes you can get lost easily",,,,,,,,,,
gm_8f6847efe9ee4794,Circuito Mágico del Agua,es,"Maravilloso y mágico lugar galardonado y reconocido mundialmente. No me canso de ir una y otra vez y llevar a mis amistades a disfrutar esta magnifica experiencia. Recomendado para ir con niños tambien. El costo de ingreso es solo 4 soles por persona, equivalente a un euro o algo mas que un dolar. El espectaculo de luces se aprecia mejor cuando anochece.",,,,,,,,,,
gm_208a846e2e905e4c,Valle del Colca,es,"Es un lugar fuera de este mundo, totalmente hermoso. Hace muchísimo calor y la caminata puede ser dura, bloqueador, gorro y zapatos para caminata siempre es lo mas recomendable. Nosotros fuimos con el tour de Le Foyer, altamente recomendado.",,,,,,,,,,
gm_cf5f9ecb27fcd147,Circuito Mágico del Agua,en,Nice to visit whilst in Lima. Keep in mind getting a taxi after a light session isn’t difficult they just rip the tourists off. Uber just cancel wait a few minutes for the exiting crowd to disappear.,,,,,,,,,,
gm_19b8c26f9c84c653,Monasterio de Santa Catalina,es,"Muy bonito e interesante la historia del monasterio, hacer el recorrido con un guía es la mejor opción, después del recorrido te puedes quedar a tomarte fotos.",,,,,,,,,,
gm_abf36f0e36c9f4e9,Santuario Histórico de Machu Picchu,es,"Hermoso lugar pero en Noviembre ir tan temprano no vale la pena porque todo esta nublado y la lluvia hace resbalosa las rocas, me dicen que a partir de las 11 am se despeja, pero igual es un bonito lugar",,,,,,,,,,
gm_15655affd75167ce,Santuario Histórico de Machu Picchu,es,"Es precioso, cumplí mi sueño después de muchos años. La caminata como tal no es pesada, actualmente para subir a la entrada ya hay autobuses que tomás en Aguascalientes, el sitio está muy limpio y bien conservado puedes ver llamas y alpacas alimentandose por ahí, lleva repelente de mosquitos y agua. No se arrepentirán de ir",,,,,,,,,,
gm_687cff95aa3ce33a,Reserva Nacional de Paracas,es,Es una playa hermosa el agua es helada pero me relajo mucho el agua es verde transparente se lo recomiendo no se arrepentirán😎😍😉,,,,,,,,,,
gm_8edb5443591e55fb,Circuito Mágico del Agua,es,"Es un parque temático más que nada para la familia, para pasar una tarde y recrearse, las fuentes son el principal atractivo, pero más allá de eso no hay mucho para ver. Hoy por hoy algunas de las fuentes están cercadas, por ende no se puede interactuar. Aún así el precio de la entrada es de $1 USD y es un buen lugar para ir cuando se te agotaron las opciones y tomarte algunas fotos.",,,,,,,,,,
gm_470fb4a4e8c93881,Museo Tumbas Reales del Señor de Sipán,es,"Muy ordenado, el guía preparado. Hemos aprendido mucho sobre la cultura, incluyendo que es uno de los 10 mejores museos del mundo",,,,,,,,,,
gm_4a162a348fd2adfa,Circuito Mágico del Agua,es,"Se puede comprar entrada en línea, así se evita algo de tiempo en fila, las indicaciones no son muy claras, hay personas afuera del parque explicando a dónde ir, el parque por dentro es bonito, el show es chévere sobre todo para ir con niños, deben ir con tiempo para ponerse frente a la pileta principal y poder ver sin dificultad lo que se muestra. A las afueras es un poco desordenado, lleno de comerciantes informales y puestos de comida.",,,,,,,,,,
gm_37a2134f96290a93,Monasterio de Santa Catalina,en,Another fabulous site in Arequipa. 45 sols to enter which is a little expensive but you can spend a long time there. Optional English guides avail for 20 sols which I think was worth it for their knowledge,,,,,,,,,,
gm_1797d75b5e0d14b2,Circuito Mágico del Agua,es,"Realmente espectacular, estuve allí con mi familia y fue genial, lo recomiendo con los ojos cerrados, la única pega que le veo es que el audio del espectáculo central no era muy bueno pues lo llegabas a captar por el volumen.",,,,,,,,,,
gm_f38b1ec70386187b,Circuito Mágico del Agua,es,"Un gran lugar al alcance de todos. Muy bien cuidado y las fuentes son muy bonitas. Recomendado en la noche y cada hora hay un espectáculo de agua, luces láser y música. Muy bonito para toda la familia. Me pareció un lugar seguro porque es un parque cerrado y pagas tu entrada.",,,,,,,,,,
gm_9ad657767d5a5c00,Circuito Mágico del Agua,en,"Great park, this one has the fountains going, think it was S.4 per person for entrance. They offer guides but you don't need them.",,,,,,,,,,
gm_94c47208f26abb47,Santuario Histórico de Machu Picchu,en,This is everything it is made out to be. The Inkas history is nothing short of amazing. The architecture is something that must be seen.,,,,,,,,,,
gm_4b319b1fe7eaac4c,Santuario Histórico de Machu Picchu,en,"Absolutely fascinating! Awesome in size and location. Solid walls ,buildings ,steep terraces. Peru tourism is very well organised .controlling the vast number of visitors to this site. Visited as the end of a 14 day small group tour so all the elements were co ordinated by the tour operator(UK based but with local agent) Train into town, Bus to and from site and site entry. All tickets are timed. Perfect weather. Not too cold/hot/misty or rainy! I did struggle a bit in the initial part of the ascent but after that it was fine. There are no toilets inside the site but plenty by the main entrance/bus stop. Remember to take water with you(in re usable bottle) and not a lot else(camera of course) as big bags not allowed.",,,,,,,,,,
gm_1b2cbc5be1003408,Líneas y Geoglifos de Nasca y Palpa,es,Una exposición muy bien montada y organizada que no solo contempla la cultura nasca sino que la relaciona con otras de alrededor gracias a los descubrimientos arqueológicos recientes. Las fotografías y los montajes en video son excepcionales y recomiendo visitarla antes de que termine con tiempo y dedicando algunos minutos a cada sala y cerca de media hora a las líneas que representan cientos de animales y otras formaciones geométricas. Aprovecharlo puesto que es una ocasión única para aprender sobre una cultura milenaria y misteriosa.....,,,,,,,,,,
gm_68a43b20f44964b0,Museo Tumbas Reales del Señor de Sipán,es,"Me encantó, las piezas de oro, lo grandioso de los Mochicas, su pasado, todo está en este hermoso museo. Lástima que no dejan tomar fotos, tienes que dejarlo en un cuarto debajo del museo.",,,,,,,,,,
gm_7d337693dcbf0736,Centro Histórico de Lima,es,"Un lugar agradable para compartir y sentarse con la familia. la construcción de la iglesia, el palacio, calles, y algunos comercios conserva aun su historia, sus calles limpias, mucha seguridad.",,,,,,,,,,
gm_1de90050ca589abb,Monasterio de Santa Catalina,es,"Lugar lleno de riqueza histórica cultural, arquitectónica, religiosa. Una ciudad dentro de otra ciudad. Para ingresar directamente, mejor comprar el ticket de ingreso por la web.",,,,,,,,,,
gm_60c809684895f61d,Monasterio de Santa Catalina,es,És un monasterio muy grande y laberíntico. Lleno de color. El monasterio más bonito que he visto jamás.,,,,,,,,,,
gm_177cb2247ddc7652,Circuito Mágico del Agua,en,"You have to go to this place, if you go to Lima. Its a magical park with light water circuits. You can get wet hehe be ready for that! You can go at night and enjoy the show at the fantasy fountain. Its beautiful! On weekends, its a little bit crowded. If you can go in a weekday, its better! The entrance is 4 soles.",,,,,,,,,,
gm_aa53346c1aa2d5df,Santuario Histórico de Machu Picchu,en,Machi Picchu are divided into different entry levels and we were in the highest one. Highly recommend to add 1 more entry ticket to walk inside but we don’t know this before. Our guide didn’t explain to us and it was too bad for this.,,,,,,,,,,
gm_8b82a0e9d1f8a2f1,Reserva Nacional de Paracas,es,"Bonito, todo limpio, el mar es bastante sereno . No permiten el ingreso de anilames ni comida. Hay estacionamiento, baños y vestidores. Alquilan sombrillas y sillas.",,,,,,,,,,
gm_7ea91cb785bed9f1,Circuito Mágico del Agua,es,"Estuvimos en Navidad de Coca cola en el circuito y si bien la empresa se lució: Stands de shows gratuitos, expendio gratuito de coca cola, y muy buena decoración; pese a la buena disposición del personal; falta organización logística a nivel gerencial para medidas de control de aforo al ingreso de público y automovilístico en Aras de evitar incidentes Playas ( No formales) al exterior debido a que el propio del circuito es desbordado. Ideal ir temprano para uso y disfrute de los chicos",,,,,,,,,,
gm_639126ff29a8509f,Circuito Mágico del Agua,es,Excelente interesante la historia que cuenta por medio del juego de luces. Accesible y muy seguro. Recomendado al 100 % La entrada es de 5 soles y la experiencia excelente.,,,,,,,,,,
gm_fd4ffead61c7460b,Museo de Sitio Huaca Pucllana,en,Really good tour of an interesting place. It is quite exposed during the day so it is best to wear a hat and put on a shirt with long sleeves and long trousers. The sun is deceptive in Lima. The air temperature is not that high but the sun is extremely strong. The guides are covered head to toe and carry an umbrella for as shade. Best to follow their lead.,,,,,,,,,,
gm_bf0a3ea2198c3f2f,Monasterio de Santa Catalina,es,"Es uno de los puntos de excelencia para visitar en la ciudad de Arequipa en Perú. Se puede vivir la historia y tradiciones de lugar, de manera personal y con la compañía de un fuia del lugar. Se recomienda dedicarle al menos medio día para poder contemplar toda su arquitectura, arte y miradores que provee al visitante una mayor apreciación de la ciudad.",,,,,,,,,,
gm_1933ea48575a4228,Valle del Colca,es,"Hermoso lugar, ver lo pequeñito que somos frente a inmensa creacion, ver volar libremente al Cóndor relajo mi mente. :)",,,,,,,,,,
gm_9ea700b263458118,Centro Histórico de Lima,es,"Fue divertido y conociendo más de diversidad cultural de regiones del Perú en sus presentaciones en la Plaza de Armas, fue muy entretenido paseando con mi novia y amistades",,,,,,,,,,
gm_a58fb00af7c0ed96,Santuario Histórico de Machu Picchu,en,Amazing place! Did the 4 day hike and it’s was incredible! Saw the sunrise over the mountain and got to explore around! Definitely a bucket list must do!,,,,,,,,,,
gm_2ed2b26261b22304,Santuario Histórico de Machu Picchu,es,"Un lugar mágico donde podrás conocer más sobre la vida de nuestros antepasados, perfecto para recargar energías a solas, en pareja, con amigos o en familia. Se recomienda llevar agua, no haber ingerido alimentos pesados y haber dormido bien la noche anterior. Si sabes que te afecta las alturas te sugiero llevar alguna pastilla para el soroche. ¡Buen viaje!",,,,,,,,,,
gm_73da90fcb8771c89,Santuario Histórico de Machu Picchu,es,Increíble! Tienen que ir si tienen la oportunidad. Recomiendo reservar y pagar todo con tiempo. Los autobuses salen muy temprano desde Cusco. Deben tomar eso cuenta. Les recomiendo tomar el tren hasta Machu Picchu. Es una experiencia sin igual. También es bueno pagar un guía.,,,,,,,,,,
gm_eb686fc89b6af7d8,Circuito Mágico del Agua,es,Lugar perfecto para entretenimiento familiar o amical o de parejas. Tiene de todo para que pases momentos lindos e inolvidables a un costo bastante razonable,,,,,,,,,,
gm_0e347e0776854b7e,Centro Histórico de Lima,es,"Hermoso lugar. Se contempla las sonrisa, en todos los visitantes. Lugar para fotos, especiales. Caminar, respirar el aire de la naturaleza. La vigilancia, excelente y atento para cualquier necesidad. Recordé, un lugar de mi Venezuela amada. Un domingo diferente, en paz y familiar, es la mejor opción.",,,,,,,,,,
gm_5817095d7fbbc8dd,Centro Histórico de Lima,es,"Lugar hermoso. Sitio turistico reconocido a nivel internacional. Las estructuras construidas a su alrededor son de la epoca de la colonia. Espacio abierto donde puedes ir en pareja o si lo deseas en familia. En sus alrededores hay sitios para visitar, asi como museos y catedrales. Zona muy segura y limpia. Hay un carruaje tirado por caballos donde puedes dar paseos.",,,,,,,,,,
gm_ae2a52a93f0d995f,Museo de Sitio Huaca Pucllana,en,Interesting place to visit to learn about Pre-Incan people of Peru. There's a restaurant here that's highly rated. Didn't visit it though.,,,,,,,,,,
gm_dd0076983a1d2f5c,Ciudadela de Kuélap,es,"El lugar es muy bonito, limpio y sobre todo durante todo el trayecto y en la fortaleza se guardan los protocoloso de higiene. Recomendadísimo 👍🏼",,,,,,,,,,
gm_0ca18d15d54e3153,Museo Tumbas Reales del Señor de Sipán,es,"Lo máximo, quedé encantado Increíble. Tienen que visitarlo.. El oro.. La historia.. Todo es impresionante.",,,,,,,,,,
gm_0838109c8eb3a60a,Valle del Colca,es,"Es una bonita experiencia, si eres de los que disfrutan del paisaje, para relajarte tienes las aguas termales y si eres de los que te gusta la adrenalina hay paseos en cuatrimoto 🏍️",,,,,,,,,,
gm_80c0857f3c3b5cb7,Monasterio de Santa Catalina,es,"Visité este lugar un sábado de abril 2023, la entrada costó S/40. Debo precisar que es un lugar muy grande con varios ambientes por visitar y que el servicio de guía es un costo adicional. Recomiendo tener cuidado con algunos ambientes porque pueden ser pesados, aprovechen la afluencia de los visitantes para ingresar en grupo.",,,,,,,,,,
gm_0240d8962b665e7a,Santuario Histórico de Machu Picchu,es,"Machupichu pueblo es un lugar perfecto, es una localidad muy pequeña pero acogedora, podrás comprar lo nesesario para preparar tu ascenso a machupichu, además podrás compartir una de las especialidades del lugar como pizzas entre otras preparaciones que puedes elegir, hay muchos pubs donde podrás encontrar con la. Comunidad viajera que anda en el. Lugar, puedes comprar los ticket de bus y te recomiendo que lo tomes lo más temprano ya que se hacen filas largas, pero estas son espeditas, saludos y disfruta de esta maravilla",,,,,,,,,,
gm_8773f7f803b05715,Circuito Mágico del Agua,es,HERMOSO LUGAR vale la pena conocer se recomienda ir a las 7.15 Pm donde comienzo el show de las aguas,,,,,,,,,,
gm_59cff8dcbd7adde7,Monasterio de Santa Catalina,es,"Lugar increíble, que nos lleva a pensar como solo mujeres, entregan su vida al claustro y en especial a Jesús, su esposo. Hermosa arquitectura y una ciudadela para ellas, con las condiciones que les permitía vivir y pasar su claustro en comunidad. Además, es muy grande con sus dos hectáreas, fotografías y artículos sorprendentes, ya sea de cocina, filtrador de agua, ollas, loza, camas etc. Un lugar maravilloso para vivir la experiencia.",,,,,,,,,,
gm_500dc3cd9126f3d3,Circuito Mágico del Agua,en,"Beautiful place, entrance costs 4 Sol (1€). There’s lots of festival foods being sold here, popcorn, cotton candy, sweets etc. quite a lively place and the water show at 19:15 was nice too.",,,,,,,,,,
gm_bb18e5ddc2658f4a,Reserva Nacional de Paracas,es,"Muy bonita playa y alrededores, super recomendable, pero los fds muchísima gente, casi nada de espacio...",,,,,,,,,,
gm_832462bf9ef6705b,Circuito Mágico del Agua,es,"Muy bonito para pasar la noche. La entrada es muy barata. Las fuentes las encienden desde las 15:00 hrs y hay show multimedia a las 19:15,20:15 y 21:15 hrs. Se recomienda ir de noche para poder apreciar mejor el espectáculo. Para los show se recomienda estar preparados, ya que suele haber mucha gente y es un poco complicado tener buen lugar.",,,,,,,,,,
gm_81981ea6c681ff35,Circuito Mágico del Agua,es,Es hermoso vale la pena 100% ir. Fuimos en la tarde noche y se ve bellísima. Además la entrada era super económica,,,,,,,,,,
gm_771328584d37df62,Circuito Mágico del Agua,en,"If you're nearby or with kids it's worth a stop in, but otherwise there isn't much to do. Some fountains are lit up but without music or anything it doesn't take much time to see them and move on, and most activities are kid focused.",,,,,,,,,,
gm_c7e2952a0822bc65,Centro Histórico de Lima,es,"Increible lugar lleno de historia, bastante grato para caminar y conocer, el punto ideal de partida o para finalizar una buena ruta mientras conoces Cercado de Lima, a su alrededor hay muestras de arquitectura incomparables, iglesias, mercadillos y gratos sitios para sentarte y tomar algo o degustar la más diversa gastronomía peruana! /// Incredible place full of history, quite pleasant to walk and know, the ideal starting point or to end a good route while you know Cercado de Lima, around it there are incomparable architectural samples, churches, markets and pleasant places to sit and have a drink Or taste the most diverse Peruvian cuisine!",,,,,,,,,,
gm_80caf1651b5236fc,Circuito Mágico del Agua,es,"Un hermoso lugar lleno de fuentes de agua para visitar, muy bien cuidado ideal visitar en horarior en q se realizan los show (en las imagenes pueden ver valor de la entrada y horarios) si bien la entrada puede ser un tanto caotica es rapida y con mucho comercio callejero para comer un snack mientras avanza la fila.",,,,,,,,,,
gm_9ab6abf81dc46521,Ciudadela de Kuélap,en,"Kuélap is absolutely amazing! The place is full of energy and history, surrounded by stunning vegetation and mountain views. The whole tour inside takes about 2 hours, with lots of ruins and impressive walls to explore. Entrance is S/ 20 (online only). To get there you have three options: • Hiking (very hard), • By car (Nogalcucho or Choctamal), • Or the cable car, which we chose and highly recommend! It costs around S/ 27 per person, takes about 25 minutes, and offers breathtaking views. Important note: Kuélap is not only a fortress, but a whole fortified city built by the Chachapoyas culture around 900–1100 AD. The cable car itself was built with French technology and is super modern and safe. Definitely one of the most impressive experiences in northern Peru!",,,,,,,,,,
gm_69bdc9589018aa7d,Museo Tumbas Reales del Señor de Sipán,es,"Debido a mantenimiento, solo es posible ver dos salas y una réplica del señor de Sipán. El ingreso es gratis. Tendré que volver. Pdt: Recomiendo q vayan al musek Brunning localizado a unas cuadras.",,,,,,,,,,
gm_4747a3f49ed2d252,Líneas y Geoglifos de Nasca y Palpa,en,"We took a flight to see the nazca lines and finished the tour within one day from Lima. We needed to take bus from Lima to Ica / the airport first and then taking the flight. The view of the nazca lines from the flight was super good. Although it’s a big pricy, it gave visitors an easier option to do it within limited days in Lima. Please be aware that the departure of the flight depends on the weather, so it’s not 100% guaranteed that visitors would be able to get on flights and start the tour. Highly recommend! (Follow me on IG ➡️ miss_dawang)",,,,,,,,,,
gm_8816dd366eecab13,Museo de Sitio Huaca Pucllana,en,"Good place to visit, the guided tour shouldn’t take more than 45 minutes. You can only enter with a guide, bring sunscreen!",,,,,,,,,,
gm_b73aeee8bdc48e6c,Centro Histórico de Lima,en,A must see in Lima. A visit to the cathedral is recommended. Also the area around the square is worthwhile.,,,,,,,,,,
gm_4e440e6538c3de68,Museo de Sitio Huaca Pucllana,en,Very interesting! During covid you have to reserve a tour. Only 5$cdn. Very worthwhile and the tour guide was excellent.,,,,,,,,,,
gm_118896b5fa0ea54b,Santuario Histórico de Machu Picchu,en,"Ticket 152 soles : they have 2 round, morning from 6-12 and afternoon from maybe 1-5pm. If you would like to hike mountain such as Machu Picchu mountain, you should buy the ticket with ""+mountain"" type. From aguas calientes, there will be shuttle service $24 round trip. You will see where to buy ticket when you arrive here cos the town is very small and everyone is buying tickets every minutes. And shuttle could take around 30 mins to reach Machu Picchu entrance on the top of the mountain. It's recommended to hike to Sun Gate taking 3 hours to go there and back. There you will have another angle to see Machu Picchu. I went to Inka Bridge as well. It was just logs bridging pass the missing trail. Nothing much but the trail was just challenging. Actually it's quite scary cos the trail is narrow and slippery when rain. Enjoy!",,,,,,,,,,
gm_c2d7e003daf5dd61,Centro Histórico de Lima,es,"Plaza muy bonita y mantenida en su totalidad, buen lugar para turistear con la familia",,,,,,,,,,
gm_55a99cc6c7e39774,Santuario Histórico de Machu Picchu,es,"En tiempos de pandemia, el aforo está reducido a la mitad en la ciudadela, en el pueblo todo está más económico; puedes encontrar alojamiento desde S/. 40.00, platos de comida desde S/. 6.00; el pasaje en bus está S/. 35.00 ida y vuelta y el boleto o ticket de tren está S/. 12.00 por viaje, para peruanos el ingreso es gratuito todo el 2020, y los domingos hasta donde tengo entendido siempre ha sido gratuito. Un viaje para 2 personas puede oscilar entre los S/. 150.00 a S/. 200.00 dos días y una noche desde ollantaytambo. Lastimosamente las aguas termales están cerradas. Adicionalmente hay otro acceso que no es por tren, si no que es por Santa Teresa con cualquier vehículo móvil y de ahí caminar unas 3 horas.",,,,,,,,,,
gm_997c6d82f7ac90b9,Museo de Sitio Huaca Pucllana,es,"Hermoso! No se lo pierdan. El recorrido es guiado, está incluído en la entrada. Imperdible!!!!",,,,,,,,,,
gm_683dc3b727954e02,Museo de Sitio Huaca Pucllana,en,It was ok. The ancient pyramid (partially) made of Adobe and the way of living at that time is shown in the outdoor museum. You can go up on the pyramid and down around with the guide. About 45min. Be sure to bring good sun block and hats as there are no shadows. Scheduled guided tour is required. You can't go on your own. The timing is when there are good enough people. English or Spanish. Ticket: 15 soles at the door.,,,,,,,,,,
gm_08d32ef4335d8966,Ciudadela de Kuélap,es,"Excelente, bien conservado y su teleférico moderno junto con sus estaciones, todo muy bien conservado",,,,,,,,,,
gm_677e4001f5705a56,Santuario Histórico de Machu Picchu,en,"My friend and I visited Machu Picchu with a guided tour, and the experience was incredible. If you're planning to go, keep in mind that you’ll need to buy your tickets well in advance—especially since entry is limited and sells out quickly. We arrived in Cusco via Inca Rail, and our tour package included all transportation and tickets, so we didn’t have to worry about the logistics. Everything was taken care of, which made the trip stress-free. We chose Circuit 2, which I highly recommend. The route offered amazing panoramic views, and the energy of Machu Picchu is truly something you have to feel in person. The scenery is absolutely breathtaking—a place that leaves you speechless. They close at at 5, we chose the last tour which lets you in until 3:10 it might seem like it's not enough time but it is!",,,,,,,,,,
gm_541cfaad940b53f7,Centro Histórico de Lima,en,Changing of the guard at the presidential palace was really impressive. Each day at 12 noon. Gorgeous buildings. Walked around and never felt uncomfortable in the area close by. Would not wander out of the areas where the police are very visible. Visited the Merced Church some 4 blocks away and it is spectacular. Used Uber there and back.,,,,,,,,,,
gm_86af5635310a89ae,Santuario Histórico de Machu Picchu,es,"Desde el camino para llegar a Aguascalientes hasta el trekking de subida al santuario, hacen magnífica la visita de este lugar con tanta historia, con tanta cultura..",,,,,,,,,,
gm_d6da6bf78f30d1e6,Santuario Histórico de Machu Picchu,en,"Speak less great, still shocked after few days ! What nice place, should protect more.",,,,,,,,,,
gm_1f078ba605432f2a,Santuario Histórico de Machu Picchu,en,Where to start? Avoid the rain. Machu picchu at 6am. Waynapichhu at 10am. Is the perfect combination. Beat the crowd for breathtaking pics and views.,,,,,,,,,,
gm_af39b4ed2bfd4f50,Valle del Colca,es,"Si vas a Arequipa, separa el tour con una noche. Hay full day pero es muy cansado. Lleva cámara con zoom. Si lo que quieres son selfies basta con tu celular pero no se aprecia la dimensión del cañón. Una cámara con zoom da mejor profundidad y captura detalles. La parada en la Cruz del Cóndor es el mejor lugar para ver los cóndores muy cerca, volando sobre las cabezas. Recomendable.",,,,,,,,,,
gm_f4598cddc2f0fcd0,Reserva Nacional de Paracas,es,"MA RA VI LLO SO! La playa es espectacular, puedes tomar sol y nadar en el mar sin ningún problema. Ahora, recomiendo ir antes de las 11:00am ya que a partir de esa hora la gente empieza a bajar.",,,,,,,,,,
gm_e602920295a6ca2e,Museo Tumbas Reales del Señor de Sipán,es,"Permite conocer la historia, paso a paso, hay guardería para dejar las cosas, servicios, lugar de estacionamiento y venden artesanías muy cómodas y lindas!",,,,,,,,,,
gm_71a247119d24b11d,Museo de Sitio Huaca Pucllana,en,Nice place but the visiting hours are very short so we could watch only from outside,,,,,,,,,,
gm_9e5ac8d3bb05b6b2,Santuario Histórico de Machu Picchu,es,Lugar con mucha paz ! aparte de ser una de las 7 maravillas del mundo. Se recomienda comprar con anticipación las entradas.,,,,,,,,,,
gm_4438640752b932ee,Museo Tumbas Reales del Señor de Sipán,es,"Un lugar hermoso para conocer una de las culturas milenarias de nuestro Perú, está ubicado a unos 30 minutos de Chiclayo.",,,,,,,,,,
gm_bb7fbfed23c2370a,Santuario Histórico de Machu Picchu,en,"What a beautiful and magical place! It's really a shame they let in so many people at the same time, but I can imagine everyone wants to go there.. I still highly recommend it. It's now 2 shifts a day so you can either go between 6-12 or between 12-6. I've been told it rains more in the afternoon so we went in the morning. Woke up really early but everyone did so also at 6.30 it was overcrowded, and funny enough around 10AM there were much less people. So worth staying a bit longer!",,,,,,,,,,
gm_638af7f8efd2855a,Santuario Histórico de Machu Picchu,en,"It was way better than what I expected: the weather was perfect. We did it very classy. We stopped at the hotel at the entrance of MP and had an expensive buffet lunch and then entered, then afterwards we had tea at the same place because we had a probate bus ride back down because we also had the very high end train ride back to Cusco including gourmet dinner. FIRST CLASS ALL,THE WAY made the whole trip simply better...",,,,,,,,,,
gm_f09e36cb8ef84a4e,Santuario Histórico de Machu Picchu,en,"Amazing nature, mystical Inca history and well preserved ruins - definitely worth a visit for everybody. Even our 3.5 year old son had fun playing hide and seek in the ruins, we did thus the less ""risky"" tour on the site.",,,,,,,,,,
gm_765f9e972b722e93,Reserva Nacional de Paracas,es,"Para entrar a la reserva tiene un precio, sin embargo la carretera está en mal estado.",,,,,,,,,,
gm_56d62e3a783d97b5,Santuario Histórico de Machu Picchu,en,"Spiritual sanctuary, must see if you are connected to nature and appreciate all life.",,,,,,,,,,
gm_3bd648c146a8a18f,Centro Histórico de Lima,es,"Es un lugar bellísimo. Sumamente limpio, ordenado y seguro. A las 12.00 del medio día, hacen el cambio de guardia, lo cual es interesante de ver. Además, a los alrededores de la Plaza de Armas hay muchos sitios para visitar, iglesias, restaurantes, museos, tiendas de artesanías, etc. Por lo que perfectamente se puede pasar todo un día ahí, sin aburrirse. Yo tuve la oportunidad de estar ahí el último domingo de mes. Y todo el centro histórico de Lima se libera de vehículos para dar paso al tránsito sin mayor dificultad de peatones. Hay ventas de libros usados a muy buen precio, y con un gran variedad de títulos. Además cerca de la Plaza montan un escenario y durante todo el día estuvieron músicos tocando. Es un lugar que debe ser visitado.",,,,,,,,,,
gm_25e06ab12c7993b7,Circuito Mágico del Agua,es,"Hermoso parque con 12 fuentes de agua, de magníficas formas, colores y ritmos. El agua se transforma mágicamente en este parque. Tiene costo la entrada y sin duda se lo debe visitar en la noche para apreciar el espectáculo. Toma un par de horas visitar con detenimiento el parque. Vale la pena para entretenerse en una noche limeña. Lleva zapatos cómodos y una chaqueta que abrigue, y por supuesto una cámara para fotos coloridas. Es un espectáculo para toda la familia.",,,,,,,,,,
gm_12da8e033c0a01e9,Museo Tumbas Reales del Señor de Sipán,es,"Deberían poner afuera un toldo, hace demasiado sol! Gracias a Dios hay un poco de sombra x unos arbolitos... Pero adentro el museo es ALUCINANTE! Hermosa cultura la.nuestra!",,,,,,,,,,
gm_2e45562786059ff6,Líneas y Geoglifos de Nasca y Palpa,es,"A 8 horas de lima por vía terrestre, llegue a éste lugar maravilloso, después de apreciar por el camino deslumbradores e increibles paisajes. Una vez llegamos, tenemos la opción de contratar un vuelo en avioneta, dónde se pueden apreciar, en todo su expledor, los diferentes geoglifos tallados sobre el piso desértico. Otra opción es subir una torre, por un bajo costo y apreciar hasta donde se puede ver algunos de los mismos. No hay cobro de parqueadero. No se puede volar dron, pero te puedes tomar las fotos que quieras, llevando ese lindo recuerdo grabado en tu memoria y en el álbum de fotos. Me encantó Lo recomiendo",,,,,,,,,,
gm_fa8f0cafe18e583c,Monasterio de Santa Catalina,es,"Mucha historia y belleza, personalmente me encanta! Sus ambientes te pueden hacer vivir muchas emociones, quizás un poco tenebroso, pero muy mágico.",,,,,,,,,,
gm_0b53a486609d1db6,Santuario Histórico de Machu Picchu,es,"Definitivamente estando alla se entiende porqué es una de las nueve maravillas del mundo moderno. Es recomendable comprar con anticipación las boletas de ingreso en la página, especialmente en temporada alta y así garantizar el ingreso y no hacer filas. Desde Aguas Calientes salen buses que son los que se encargan de llevar a los turistas hasta Machu Picchu, los tiquetes deben ser comprados en lo posible el día anterior a la visita, o antes de la hora programada de la llegada del bus, porque no dejan subir sin el comprobante de pago (es más costoso el tiquede de ida y regreso, que el ingreso). En lo personal no recomiendo llevar tantas cosas, no se necesitan; tal vez agua y protector solar, depende la temporada. Lo bueno de ir en temporada baja es que hay más facilidad para tomar buenas fotos, las filas no son tan largas y el recorrido es más tranquilo. Pero lo malo es que están en época de lluvias y si está nublado no se ve casi nada, toca esperar a que se despeje, el clima es impredecible. Vale la pena ir y conocer este sitio tan hermoso y lleno de una energía increíble.",,,,,,,,,,
gm_1411b16acafdf04d,Líneas y Geoglifos de Nasca y Palpa,es,"Un lugar muy especial y con un aura muy especial, patrimonoo de la humnidad el cual devemos cuidar desde el mirador o desde avion se miran los geográficos los cuales son hermosos...",,,,,,,,,,
gm_2ae33568a2d0cf15,Museo de Sitio Huaca Pucllana,es,Una sorpresa muy linda es encontrarse con semejante construcción de ladrillos de adobe de una cultura Pre-Incaica. No sabíamos que existía.,,,,,,,,,,
gm_a237a3bf79c8c65a,Santuario Histórico de Machu Picchu,es,"Hermosa experiencia, muy buenas guías te cuentan todas las historias salientes de dichas ruinas maravilloso lugar que te ubica en el espacio y tiempo de lo que somos en la tierra",,,,,,,,,,
gm_d0a44097b252f9d6,Circuito Mágico del Agua,es,"Es un lugar amplio y muy bonito para caminar, hay un espectáculo a las 7.15,8.15 y 9.15 la entrada cuesta 4 soles",,,,,,,,,,
gm_b5e74d463d923604,Circuito Mágico del Agua,en,"Great for family's and couples. Best at night. Don't forget to watch one of the 3 shows they have, very entertaining.",,,,,,,,,,
gm_faa121e62ca3037a,Santuario Histórico de Machu Picchu,es,Un lugar mágico y cargado de energía. Pocos sitios me han transmitido tanto como Machu Picchu. Increíble lo que los incas construyeron. El paisaje es también de lo mejor que he visto. Recomendable 100% su visita si estás en Perú.,,,,,,,,,,
gm_4e5155aad5cfe0a6,Museo de Sitio Huaca Pucllana,en,"So we'll done, with QR codes everywhere with such impressive information! A quick stop with air conditioning and incredible history!",,,,,,,,,,
gm_07f5aeaeb1c74278,Santuario Histórico de Machu Picchu,en,Once in a lifetime experience 🥹. I truly recommend few things: 1. Buy in advance your entry tickets (2-3 months before the trip!) 2. Buy in advance at least 1 ore 2 days before the trip your bus tickets taking you up and down from Machu Picchu Citadel. 3. Be in line 1 hour and half before your entry on the ticket. 4. Book tour number ONE if you want that iconic photo (you won’t have access into the citadel) 5. If your lucky book tour number TWO for the full experience. 6. When you wait in line before boarding the bus few tour guides will approach to you… be kind to them because they are going to be your best photographer and the best guide inside your MP experience. Enjoy your journey ☀️,,,,,,,,,,
gm_e9982f4fd93002d2,Santuario Histórico de Machu Picchu,en,The most amazing place I've been in a while. The tour guide was amazing. I strongly recommend getting one.,,,,,,,,,,
gm_4d4a725c777b35c0,Ciudadela de Kuélap,es,"Toda la fortaleza, aunque le falta cuidado y mantenimiento es un belleza el lugar.",,,,,,,,,,
gm_8d9e60b3d65cdc3e,Santuario Histórico de Machu Picchu,en,I mean I can't even describe how incredibly breathtaking this place is. The pictures just don't do it justice and you'll have to see it for yourself.,,,,,,,,,,
gm_ef9f53038a1e5986,Monasterio de Santa Catalina,es,"Hermoso, limpio y bien preservado Le quito una estrella porque no es accesible con silla de ruedas",,,,,,,,,,
gm_ce3338275be8dae1,Ciudadela de Kuélap,es,Un lugar muy interesante para descubrir...Merece mucho la pena. Demasiado caro el teleférico. Mejor subir caminando disfrutando de bellas vistas y vida indígena. 4h.,,,,,,,,,,
gm_b19061d3e01e58f1,Museo Tumbas Reales del Señor de Sipán,es,"Muy bonito todo, pero el museo tiene tanto tiempo existiendo que resulta injustificable que la totalidad de infografías aún no sean bilingües… videos sin subtítulos y demás limitaciones para turistas extranjeros.",,,,,,,,,,
gm_d13c33a30fcac34e,Museo Tumbas Reales del Señor de Sipán,es,Es un lugar bonito para pir epn f amilia.hay un parqueo amplio .y tambien para silla de ruedas.es tranquilo y seguro.pero fue mucha descepcion cuando me entere que unas piezas muy significativas .estaban en otros paises para exposicion.y aki se quedaron las replicas...,,,,,,,,,,
gm_1a10c2af0a9db363,Líneas y Geoglifos de Nasca y Palpa,en,Very nice experience! Avoid eating a couple of hours in advance to limit risk of mooting sickness issues.,,,,,,,,,,
gm_7ca865f47ed31255,Valle del Colca,es,"Accidente geográfico espectacular con paisajes hermosos y con una rica historia preincas ,además se podrá apreciar el vuelo inolvidable de los cóndores de los andes y empaparse del conocimiento de la cultura peruana. Excelente comida",,,,,,,,,,
gm_22077358571a3aa7,Santuario Histórico de Machu Picchu,es,"Viajar a Machu Picchu es una experiencia que se debe hacer en la vida, pero la información es confusa a veces entonces voy a dejar los pasos más importantes los más sencillo posibles. 1. Para llegar a Aguas Calientes el pueblo como tal, existen varias formas, la más recomendable es el tren desde Cusco (nosotras decidimos ir en bus hasta Ollantaytambo, una cuidad a 2 horas de Cusco, donde queda una de las estaciones, para conocerlo un poco y tomar el tren ahí). Los tiquetes de tren los compramos en Internet con un poco menos de 1 mes de anticipación. PeruRail es el tren turístico y no es barato. 1.1 En el aeropuerto se puede reclamar el tiquete comprado, ojo, se necesita el documento de identidad y la tarjeta de crédito con la que se hizo la compra. 2. La entrada a Machu Picchu también se puede comprar por Internet, de hecho es lo más recomendable por los sobrecostos de las agencias de viajes. Comprar esa entrada es una pesadilla, no voy a decir menos, la información no está clara, no se puede pagar directamente con la tarjeta de crédito sino con PayPal (lo cual en Colombia no funciona tan bien) así que preparados para eso. Se debe tener a mano una foto del pasaporte porque lo exigen en la compra, también se debe contar con tiempo, porque una vez realizada la compra se debe esperar un correo electrónico de confirmación que toma una hora en llegar. 2.1 Los tipos de entrada son 3, como tal Machu Picchu, Machu Picchu + montaña, Machu Picchu + Huayna Picchu. Si tienen buen estado físico, compren Huayna Picchu, sino, sólo con Machu Picchu es suficiente o a lo sumo con montaña, porque la subida necesita un poco de esfuerzo, no es tanto, pero es bueno saberlo. 2.2 Si van a comprar Huayna Picchu que sea con al menos 4 o 3 meses de anticipación porque esas entradas son pocas. 3. Ya estando en Aguas Calientes es sencillo conseguir información, si van a subir en el bus, es recomendable saber que tampoco es barato. Es mejor comprar ida y vuelta de una vez. 4. Para apreciar mejor el recorrido es bueno tener un guía, se encuentran muchos en la entrada así que no es problema. De resto es cuestión de disfrutar el viaje, el encanto, el clima y la vista que es simplemente espectacular.",,,,,,,,,,
gm_95e2b0042f5f8aea,Museo de Sitio Huaca Pucllana,es,"Increíble la experiencia de la historia y el recorrido, a un precio accesible. Es una maravilla conservada en medio de la ciudad",,,,,,,,,,
gm_506d76766f46e42d,Monasterio de Santa Catalina,en,Really interesting to see and explore as it was founded 10 years after the Spanish invaded Peru. Gives a great sense of life and artistry at the time,,,,,,,,,,
gm_036b075db54c7227,Centro Histórico de Lima,es,Es bonito para ir a conocer la zona histórica de Lima. Está la catedral,,,,,,,,,,
gm_6cb9df8bc30da4bc,Valle del Colca,es,Es muy bonito se los recomiendo para ir en familia lleven ropa de baño para los baños termales y una buena camara,,,,,,,,,,
gm_7b406453658f9175,Ciudadela de Kuélap,es,"El lugar es muy bonito con vistas preciosas. Las construcciones de los Chachapoyas muy interesantes. El acceso con el telefèrico de 4,5 km es impresionante. Para llegar a la fortaleza hay que caminar unos 20 mn. A la salida puedes visitar una casa reconstruida para hacerte una idea de como eran. Ojo que entonces hay que caminar 1,3 km adicionales con nulo interés. El acceso desde Chachapoyas tiene un tramo de carretera de unos 10 km en bastante mal estado. Se tarda cerca de una hora en recorrer los 38 km que hay hasta el complejo turístico. El transporte en autobús desde el telefèrico es muy bueno. Son entre 5 y 10 mn adicionales a los 20 mn de la cabina. Hemos estado a finales de Setiembre y hemos coincidido con solo una docena de turistas. Ningún problema por no reservar. El telefèrico no hace ningún descuento. Son 26 soles y 30 más de la entrada.",,,,,,,,,,
gm_822f5bc5cd5caa4d,Santuario Histórico de Machu Picchu,en,mesmerising Machupicchu and astonished with Inca history.. a beautiful world gem that needs to be fully cared for generations to come. An instagramable place with magical view every angle.,,,,,,,,,,
gm_bcfd9cea9eee3958,Santuario Histórico de Machu Picchu,es,"Simplemente Hermoso, gran arquitectura, en un paisaje maravilloso, rodeado de montañas a tan solo de 25 a 30 minutos de aguas calientes en bus valor extranjero ida y vuelta 24 dolares",,,,,,,,,,
gm_d808afd17ad23444,Centro Histórico de Lima,es,"Regresé al centro de lima después de mucho tiempo, se ve muy limpio ordenado recuerden que no ingresan autos así que sii vas con movilidad por jr junin desde la cuadra 1 en adelante hay muchas playas de estacionamiento, y desde allí puedes ir a pie y recorrer el centro histórico, y sobre todo disfruten su caminata y miren con amor todo.",,,,,,,,,,
gm_7a7059f839939a7e,Valle del Colca,en,"Loving the sights and calmness. I find it a bit expensive for international tourist, though: 40 soles for Latin American countries and 70 for the rest of the world. If you got a student ID, better take it. If you're lucky enough, you'll get to see the condors. Taker extra clothes as it's cold there. And pills in case if sickness, lemon candies and medicinal alcohol also work.",,,,,,,,,,
gm_80653ac0cadef0b2,Santuario Histórico de Machu Picchu,es,"Buen lugar para visitar en septiembre, no hace mucha calor , ni hace frío, yo ingresé a las 10 am . Para terminar el recorrido a la 1 pm , ya que el guía va muy apresurado , pero si es necesario un guía hay lugares donde no se puede entrar , las entradas por adelantado recomendado .",,,,,,,,,,
